"","fecha","temperatura","humedad_relativa","velocidad_viento","lluvia","irradiacion","evotranspiracion"
"1","1/1/2015",27.88,65.08,7.08,0,228.58,5.04
"2","2/1/2015",28.06,66.21,6.47,0,231.17,4.86
"3","3/1/2015",28.91,65.21,5.4,0,244.17,5.12
"4","4/1/2015",28.13,67.88,6.61,0,182.38,4.13
"5","5/1/2015",28,66.25,8.85,0,246,5.38
"6","6/1/2015",27.68,68,7.4,0,189.46,4.23
"7","7/1/2015",27.27,65,8.43,0,246.92,5.26
"8","8/1/2015",27.38,64.46,7.97,0,247.04,5.36
"9","9/1/2015",27.3,64.42,7.68,0,246.42,5.22
"10","10/1/2015",27.8,64.38,7.68,0,245.08,5.24
"11","11/1/2015",28.08,68.21,7,0,233.25,4.78
"12","12/1/2015",28.94,66.71,6.07,0,243.21,5.09
"13","13/1/2015",27.87,71.04,6.14,0.25,191.63,4.17
"14","14/1/2015",28.6,63.08,5.27,0,251.67,5.33
"15","15/1/2015",28.06,68.42,4,0,242.13,4.87
"16","16/1/2015",27.61,68.5,7.07,0,201.79,4.31
"17","17/1/2015",27.68,61.17,6.61,0,220.04,5.03
"18","18/1/2015",27.22,62.92,4.87,0,246.67,5.21
"19","19/1/2015",26.73,61.83,4.73,0,230.83,4.92
"20","20/1/2015",25.92,71.33,3.6,0,182.58,3.85
"21","21/1/2015",27.87,63.21,5.07,0,244.67,5.12
"22","22/1/2015",27.05,64.5,4.07,0,153.79,3.48
"23","23/1/2015",27.32,67.29,2.87,0,249.21,5
"24","24/1/2015",26.51,67.83,3.4,0,255.42,5.08
"25","25/1/2015",27.06,64.88,6.67,0,254.63,5.28
"26","26/1/2015",27.22,62.04,6.28,0,260.96,5.5
"27","27/1/2015",27.64,60.79,6.74,0,257.83,5.61
"28","28/1/2015",26.41,61.13,5.88,0,257.04,5.46
"29","29/1/2015",27.48,56.5,6.27,0,255.79,5.72
"30","30/1/2015",27.01,62.96,6.56,0,256.54,5.53
"31","31/1/2015",27,63.92,7.42,0,258.13,5.46
"32","1/2/2015",28.15,62.32,6.34,0,247.32,5.48
"33","2/2/2015",28.75,62.61,5.7,0,269.87,10.95
"34","3/2/2015",28.44,60.88,6.68,0,258.17,5.73
"35","4/2/2015",28.39,59.67,6.14,0,254,5.51
"36","5/2/2015",27.6,67.58,4.47,0,257.71,5.23
"37","6/2/2015",28.74,58.04,6.07,0,248.92,5.61
"38","7/2/2015",28.12,62.46,6.4,0,245.5,5.19
"39","8/2/2015",27.2,63,3.6,0,230.25,4.68
"40","9/2/2015",25.93,73,1.4,0,238.46,4.41
"41","10/2/2015",27.09,68.88,2.87,0,256.29,4.9
"42","11/2/2015",27.83,61.13,4.53,0,261.92,5.4
"43","12/2/2015",26.73,68.54,4.07,0,255.33,5.07
"44","13/2/2015",27.54,62.29,5.07,0,261.21,5.43
"45","14/2/2015",27.47,52,7.07,0,266.54,6.14
"46","15/2/2015",27.8,54.63,6.2,0,265.29,5.94
"47","16/2/2015",28.47,58.17,5.8,0,263,5.75
"48","17/2/2015",27.84,61.13,3.13,0,250.42,5.26
"49","18/2/2015",27.14,61.67,4.01,0,267.5,5.71
"50","19/2/2015",28.66,56.88,8.7,0,271.5,6.36
"51","20/2/2015",27.83,59.79,5.74,0,266.79,5.7
"52","21/2/2015",26.64,65.54,6.03,0,266.63,5.5
"53","22/2/2015",28.69,59.17,7,0,272.67,5.98
"54","23/2/2015",28.78,60.71,5.81,0,237.21,5.35
"55","24/2/2015",27.46,63.88,5.6,0,272.92,5.39
"56","25/2/2015",28.01,59.29,3,0,273.71,5.56
"57","26/2/2015",26.2,65.27,1.75,0,177.41,9.04
"58","27/2/2015",27.28,64.25,4.4,0,271.33,5.71
"59","28/2/2015",28.5,58.33,6.54,0,253.88,5.72
"60","1/3/2015",28.28,64,7.75,0,174.46,4.4
"61","2/3/2015",28.42,58.17,8.72,0,276.71,6.33
"62","3/3/2015",28.42,56.13,7.34,0,281.54,6.25
"63","4/3/2015",28.39,57.17,8.61,2.8,276.3,12.3
"64","5/3/2015",29.22,55.88,8.79,0,273.67,6.56
"65","6/3/2015",28.9,60.33,11.55,0,273.5,6.72
"66","7/3/2015",28.06,58,13.83,0,274.17,6.92
"67","8/3/2015",27.73,60.79,13.23,0,275.79,6.77
"68","9/3/2015",28.08,60.83,12.17,0,275.83,6.7
"69","10/3/2015",28.51,61.25,11.9,0,266,6.46
"70","11/3/2015",28.73,65.13,12.57,0,274.17,6.52
"71","12/3/2015",29.25,62.79,12.97,0,279.04,6.86
"72","13/3/2015",28.58,59.75,14.77,0,282.29,7.13
"73","14/3/2015",28.44,55.21,12.15,0,257.63,6.63
"74","15/3/2015",28.45,60.13,10.82,0,268.88,6.45
"75","16/3/2015",27.65,63.58,9.13,0,280.58,6.35
"76","17/3/2015",28.37,51.75,11.76,0,276.83,7.01
"77","18/3/2015",27.73,56.21,9.39,0,170.13,4.72
"78","19/3/2015",27.73,56.67,3.8,0,279.58,5.87
"79","20/3/2015",27.98,56.42,5.34,0,290.58,6.23
"80","21/3/2015",27.76,55.46,4.61,0,291.96,6.28
"81","22/3/2015",27.4,61.75,2.67,0,288.38,5.69
"82","23/3/2015",27.73,60.71,3.2,0,262,5.48
"83","24/3/2015",27.94,57.75,5.55,0,297.08,6.52
"84","25/3/2015",29.07,52,6.42,0,297.33,6.8
"85","26/3/2015",28.93,53.88,4.75,0,313.79,6.73
"86","27/3/2015",28.26,56.67,2.73,0,284.17,5.84
"87","28/3/2015",29.28,54.17,7.66,0,294.5,6.88
"88","29/3/2015",29.59,51.54,8.65,0,290.67,7.04
"89","30/3/2015",27.82,60.67,6.98,0.03,181.21,4.54
"90","31/3/2015",28.29,58.71,9.13,0,272.21,6.35
"91","1/4/2015",29.29,53.42,8.58,0,295.88,6.97
"92","2/4/2015",29.29,53.17,8.58,0,298.83,7.02
"93","3/4/2015",29.25,57.38,10.75,0,298.54,7.06
"94","4/4/2015",29.26,58.67,12.43,0,296.25,7.23
"95","5/4/2015",29.4,57.33,12.09,0,298.67,7.26
"96","6/4/2015",29.06,56.46,11.76,0,299.21,7.39
"97","7/4/2015",29.08,53.67,11.37,0,300.17,7.39
"98","8/4/2015",29.28,52.92,10.88,0,292.67,7.33
"99","9/4/2015",29.29,57.79,9.93,0,298.63,7.12
"100","10/4/2015",29.67,57.96,10.35,0,296.5,7.05
"101","11/4/2015",29.05,60.67,11.43,0,202.38,5.56
"102","12/4/2015",29.43,60.13,8.25,0,272.88,6.37
"103","13/4/2015",29.4,64.04,8.11,0,296.54,6.54
"104","14/4/2015",29.54,63.21,7.23,0,277.54,6.21
"105","15/4/2015",29.03,64.83,6.57,0,187,4.55
"106","16/4/2015",30.08,58.5,7.57,0,289,6.3
"107","17/4/2015",29.09,61.54,6.09,0,283.83,6.17
"108","18/4/2015",29.63,61.25,4.95,0,292.38,6.3
"109","19/4/2015",29.17,64.71,4.95,0,247.13,5.44
"110","20/4/2015",29.1,66.33,2.47,0,260.08,5.23
"111","21/4/2015",29.25,63.38,4.28,0,256.42,5.45
"112","22/4/2015",29.88,62.88,7.98,0,284.08,6.27
"113","23/4/2015",29.61,60.96,9.66,0,240.79,5.92
"114","24/4/2015",29.41,56.75,9.06,0,294.71,6.87
"115","25/4/2015",28.03,60.5,2.73,0,209.92,4.47
"116","26/4/2015",28.42,63.58,2.27,0,259.46,5.25
"117","27/4/2015",29.55,68.25,1.73,0,262.21,5.12
"118","28/4/2015",30.62,73.21,1.87,0,243.63,4.62
"119","29/4/2015",29.19,79.67,1.8,1.52,175.42,3.31
"120","30/4/2015",27.54,81.67,0.93,0,128.54,2.28
"121","1/5/2015",28.9,72.13,3.34,0,231.88,4.69
"122","2/5/2015",29.57,62.33,5.16,0,281.33,6.13
"123","3/5/2015",29.23,59.75,4.88,0,280.54,6.08
"124","4/5/2015",29.28,59.33,6.09,0,251.58,5.69
"125","5/5/2015",29.47,56.21,5.01,0,268.71,5.93
"126","6/5/2015",28.93,67.46,2.47,0.76,230.08,4.64
"127","7/5/2015",30.04,65.25,4.75,0.25,275.67,5.74
"128","8/5/2015",31.08,58.13,8.37,0,290.42,6.72
"129","9/5/2015",29.94,61.13,7.45,0,273.58,6.29
"130","10/5/2015",30.71,59.33,9.06,0,287.29,6.81
"131","11/5/2015",30.55,59.54,9.73,0,286.83,6.74
"132","12/5/2015",30.43,61.25,9.73,0,277.79,6.61
"133","13/5/2015",30.03,61.92,12.43,0,256.13,6.45
"134","14/5/2015",30.24,59.25,12.97,0,279.67,7.14
"135","15/5/2015",29.19,62.58,10.21,0,188.38,5
"136","16/5/2015",27.59,68.92,4.96,0.51,227.5,4.87
"137","17/5/2015",27.9,71.21,4.22,0,255.67,5.2
"138","18/5/2015",29.64,61.5,8.18,0,255.42,5.83
"139","19/5/2015",28.88,64.33,7.58,0,199.83,4.84
"140","20/5/2015",28.55,65.79,5.84,0,201.46,4.73
"141","21/5/2015",29.57,63.5,5.08,0,257.71,5.54
"142","22/5/2015",29.52,64.38,7.37,0,282.83,6.13
"143","23/5/2015",30.11,61.33,9.27,0,285.04,6.53
"144","24/5/2015",28.88,65.63,6.7,0.76,162.88,4.01
"145","25/5/2015",29.64,63.08,5.96,0,263.33,5.81
"146","26/5/2015",28.87,66.75,8.31,1.52,243.63,5.49
"147","27/5/2015",28.9,62.88,7.52,0,251.67,5.77
"148","28/5/2015",29.19,54.08,6.76,0,268.25,6.31
"149","29/5/2015",28.49,55.71,3.67,0,268.33,5.74
"150","30/5/2015",28.38,63.5,2.6,0,261.96,5.27
"151","31/5/2015",29.38,65.67,3.53,0,244.13,5.07
"152","1/6/2015",30.21,65.58,3.6,0,266.79,5.42
"153","2/6/2015",29.43,74.5,1.8,0,209.25,4.09
"154","3/6/2015",26.78,86.17,1.47,14.47,135.67,2.45
"155","4/6/2015",26.72,88.54,1.27,24.13,153.96,2.7
"156","5/6/2015",26.48,89.79,0.93,5.33,158.67,2.74
"157","6/6/2015",26.04,89.54,1.33,15.48,150.96,2.62
"158","7/6/2015",27.16,87.04,1.2,1,197.29,3.33
"159","8/6/2015",26.23,84.75,1.6,1.51,110.96,2.02
"160","9/6/2015",26.42,85.96,1.53,2.54,192.13,3.48
"161","10/6/2015",25.7,89.75,1.27,2.03,139.79,2.43
"162","11/6/2015",25.99,88.75,1.8,57.4,161.75,2.86
"163","12/6/2015",27.52,83.5,1.47,0,206.04,3.67
"164","13/6/2015",27.6,83.46,1,0.75,205.88,3.59
"165","14/6/2015",28.79,74.04,5.23,0.25,274,9.01
"166","15/6/2015",28.72,71.96,5.62,0,277.08,14.43
"167","16/6/2015",29.75,68,8.53,0,274.21,5.43
"168","17/6/2015",29.58,68.33,8.18,0,251.46,5.8
"169","18/6/2015",28.83,73.29,5.15,0,175.83,5.48
"170","19/6/2015",29.48,69.83,9.88,0,213.63,3.75
"171","20/6/2015",29.78,68.5,9.66,0,258.17,4.96
"172","21/6/2015",28.22,71.96,8.38,0.76,137.17,5.75
"173","22/6/2015",29.47,63.67,11.56,0,287.42,3.37
"174","23/6/2015",29.19,67.92,11.36,0,247.54,6.7
"175","24/6/2015",30.08,67.21,10.62,0,283.58,5.75
"176","25/6/2015",30.46,65.88,11.1,0,286.67,6.21
"177","26/6/2015",30.19,66.96,11.43,0,286.21,6.53
"178","27/6/2015",29.66,63.25,12.03,0,260.17,6.56
"179","28/6/2015",29.6,69.38,7.44,0.51,232.67,6.32
"180","29/6/2015",28.64,73.83,5.15,0,172.54,5.18
"181","30/6/2015",28.05,71.71,9.13,0.25,237.42,3.76
"182","1/7/2015",29.65,59.83,11.16,0,287.63,5.28
"183","2/7/2015",30,64.17,10.27,0,290.75,6.76
"184","3/7/2015",29.56,66.17,11.43,0,284.83,6.56
"185","4/7/2015",29.67,63.21,11.9,0,278.63,6.42
"186","5/7/2015",30.12,65.5,9.94,0,264.79,6.75
"187","6/7/2015",29.56,65.79,9.95,0,251.42,5.93
"188","7/7/2015",26.55,79.29,5.83,5.58,134.04,5.86
"189","8/7/2015",27.33,75.5,4.95,1.52,186.54,2.98
"190","9/7/2015",26.62,78.88,2,3.05,159.92,3.93
"191","10/7/2015",27.42,78.04,3.27,6.86,188.88,3.09
"192","11/7/2015",26.68,80.33,4.63,0.25,158.79,3.79
"193","12/7/2015",28.21,66.75,7.35,0,138.21,3.28
"194","13/7/2015",27.91,69.13,4.07,0,175.71,3.6
"195","14/7/2015",27.44,74.04,1.6,0,149,3.79
"196","15/7/2015",28.85,67.46,6.3,0,288.33,2.85
"197","16/7/2015",28.98,68.67,4.48,0,260.71,6.18
"198","17/7/2015",28.81,68.63,4.89,0,233.38,5.32
"199","18/7/2015",26.79,77.88,1,0,164.25,4.78
"200","19/7/2015",27.39,75.67,3.75,0.25,222.54,3.07
"201","20/7/2015",28.3,65.42,6.5,0,247.92,4.42
"202","21/7/2015",28.12,65.58,3.8,0,255.21,5.39
"203","22/7/2015",28.07,70.5,3.88,0,214.21,5.2
"204","23/7/2015",26.6,78.08,2.33,0,111.13,4.56
"205","24/7/2015",28.53,70.67,6.71,0,217.38,2.25
"206","25/7/2015",30.04,62.13,11.5,0,281.92,4.93
"207","26/7/2015",30.03,59.29,10.48,0,287.13,6.74
"208","27/7/2015",29.39,62.92,8.72,0,249.92,6.81
"209","28/7/2015",29.55,66.33,8.86,0,241.83,5.82
"210","29/7/2015",28.44,68.38,6.62,0,160.17,5.54
"211","30/7/2015",27.85,71.17,5.3,0,240.21,3.84
"212","31/7/2015",29.08,60.13,8.05,0,263.92,5.02
"213","1/8/2015",29.43,63.79,4.87,0,219.96,6.01
"214","2/8/2015",29.95,66.13,7.31,0,297.13,4.9
"215","3/8/2015",29.67,64.29,10.74,0,278.33,6.12
"216","4/8/2015",29.98,60.58,11.83,0,289.83,6.25
"217","5/8/2015",30.4,63.83,11.7,0,288.21,6.97
"218","6/8/2015",29.75,66.54,11.15,0,253.75,6.86
"219","7/8/2015",30.22,64.04,8.04,0,288.92,6.04
"220","8/8/2015",29.77,66.88,3.34,0,230.21,6.34
"221","9/8/2015",28.83,73.04,3.48,0,258.08,4.81
"222","10/8/2015",27.45,78.63,2.47,1.27,160.29,5.09
"223","11/8/2015",27.7,73.33,4.27,0,221.33,3.11
"224","12/8/2015",29.23,63.83,7.77,0,199.63,4.49
"225","13/8/2015",30.17,58.96,6.77,0,280.42,4.85
"226","14/8/2015",29.23,64.17,6.62,0,245.88,6.33
"227","15/8/2015",28.9,66.33,4.07,0,172.5,5.33
"228","16/8/2015",27.53,74.79,3.28,0,159.67,3.95
"229","17/8/2015",29.57,65.71,6.1,0,224.08,3.35
"230","18/8/2015",29.47,66.65,5.42,1.52,193.42,5.03
"231","19/8/2015",29.61,65.5,6.37,0,273.63,4.25
"232","20/8/2015",29.87,61.96,8.38,0,263.71,5.61
"233","21/8/2015",29.63,64.42,7.04,0,218,5.86
"234","22/8/2015",28.86,70.96,4.62,0,226.38,5.02
"235","23/8/2015",29.14,72.17,5.49,0,255.96,4.83
"236","24/8/2015",29.96,60.5,9.33,0,270.42,5.21
"237","25/8/2015",28.41,65.42,3.75,0,255.96,6.34
"238","26/8/2015",29.35,66.46,3.8,0,272.29,5.32
"239","27/8/2015",28.81,66.29,3.94,0,217.79,5.58
"240","28/8/2015",29.98,63.13,4.08,0,235.96,4.84
"241","29/8/2015",30.08,63.71,6.31,0,290.17,5.08
"242","30/8/2015",28.36,76.88,2,6.85,202.29,6.41
"243","31/8/2015",25.93,90,0.8,24.13,133.5,3.97
"244","1/9/2015",27.17,76.08,2.68,1.27,210.83,2.47
"245","2/9/2015",27.71,70.63,1.93,0,191.96,4.07
"246","3/9/2015",27.85,69.38,2.6,0,217.92,3.89
"247","4/9/2015",27.55,74.13,1.47,0,187.67,4.3
"248","5/9/2015",28.79,72.17,3.47,0,295.17,3.73
"249","6/9/2015",28.26,66.08,4.75,0,201.25,5.66
"250","7/9/2015",29.89,62.54,6.22,0,253.79,4.56
"251","8/9/2015",29.12,66.83,7.03,0,213,5.7
"252","9/9/2015",29.25,68.83,5.76,0,258.92,4.8
"253","10/9/2015",27.09,77.5,2.27,0.25,108.67,5.66
"254","11/9/2015",27.82,72.5,2.87,0,171.29,2.22
"255","12/9/2015",26.68,82.79,1.13,25.64,144.92,3.63
"256","13/9/2015",27.49,82.42,1.2,0.5,218.33,2.94
"257","14/9/2015",28.16,76.46,3.4,0,243.08,3.88
"258","15/9/2015",29.26,71.46,3.2,0,244.5,4.49
"259","16/9/2015",29.78,69.25,4.62,0,277.75,4.75
"260","17/9/2015",28.01,75.46,2.47,0,268.5,5.69
"261","18/9/2015",25.9,88.75,0.8,22.59,183.29,5.11
"262","19/9/2015",26.38,88.71,0.6,12.45,188.25,3.1
"263","20/9/2015",28.81,78.33,1.93,0,270.13,3.2
"264","21/9/2015",27.8,80.83,1.8,22.09,236.29,4.82
"265","22/9/2015",26.45,86.63,1.13,0,189.92,4.21
"266","23/9/2015",25.2,92.5,0.6,25.14,116.79,3.22
"267","24/9/2015",25.73,89.96,0.6,2.28,198.67,1.95
"268","25/9/2015",26.24,89.75,0.47,3.56,202.71,3.24
"269","26/9/2015",27.26,86.67,0.53,0.25,179.67,3.33
"270","27/9/2015",26.5,90.42,0.87,51.82,178.42,3.08
"271","28/9/2015",27.08,87.38,0.2,0.25,195.25,3
"272","29/9/2015",28.55,82.33,0.87,0,258.63,3.29
"273","30/9/2015",26.56,86.83,0.73,3.56,195.58,4.43
"274","1/10/2015",26.75,85.71,0.93,10.41,255.58,3.21
"275","2/10/2015",25.96,87.29,0.6,0.25,202.25,4.25
"276","3/10/2015",25.95,88.21,1,16.51,209.04,3.27
"277","4/10/2015",27.18,85.21,0.6,0.25,244.63,3.31
"278","5/10/2015",28.07,76.21,2.27,0,255.96,4.03
"279","6/10/2015",28.65,72.83,4.87,0,190.38,4.74
"280","7/10/2015",28.63,72.5,3.94,0,216.67,4.01
"281","8/10/2015",28.17,75.75,3,0.5,266.83,4.44
"282","9/10/2015",27.25,79.54,3,0,174.33,4.94
"283","10/10/2015",27.67,77.33,2.73,0,233.29,3.33
"284","11/10/2015",27.16,81.33,2,5.07,204.42,4.27
"285","12/10/2015",25.19,92.38,0.27,2.03,136.21,3.68
"286","13/10/2015",26.52,86.5,0.67,0,229.67,2.24
"287","14/10/2015",26.68,87.92,0.8,25.15,207.33,3.78
"288","15/10/2015",26.83,87.17,0.67,27.95,220.58,3.38
"289","16/10/2015",26.39,88.58,0.93,83.55,250.46,3.63
"290","17/10/2015",26.23,89.08,0.47,8.12,198.75,4.08
"291","18/10/2015",26.4,89.71,0.53,0.5,215.79,3.28
"292","19/10/2015",26.62,90.46,0.67,31.5,177.63,3.41
"293","20/10/2015",26.32,92.25,0.53,24.14,125.33,2.9
"294","21/10/2015",25.7,93.79,0.07,28.18,142.42,2.17
"295","22/10/2015",27.7,80.79,2.13,0.25,257.88,2.36
"296","23/10/2015",27.28,85.04,0.47,7.37,214.92,4.65
"297","24/10/2015",26.25,92.33,0.13,12.7,148.33,3.66
"298","25/10/2015",26.17,90.21,0.47,38.6,198.83,2.42
"299","26/10/2015",26.34,89.29,0.8,5.08,217.88,3.24
"300","27/10/2015",25.23,91.71,0.2,43.68,194.54,3.48
"301","28/10/2015",25.81,90,0,55.88,210.79,3.08
"302","29/10/2015",26.95,87.58,0.07,0.25,236.13,3.52
"303","30/10/2015",26.84,87.13,0.2,0,212.29,3.78
"304","31/10/2015",27.5,80.96,1.33,0,242.71,3.49
"305","1/11/2015",26.52,88.25,0.33,7.37,189.67,4.13
"306","2/11/2015",26.21,90.88,0.13,3.05,176.92,3.15
"307","3/11/2015",26.35,88.29,0.4,6.6,226.04,2.91
"308","4/11/2015",26.28,88.54,0.27,1.77,210.88,3.67
"309","5/11/2015",25.19,93.25,0.13,22.85,141.96,3.41
"310","6/11/2015",26.53,88.25,0.2,0,229.83,2.25
"311","7/11/2015",27.34,81.29,1.53,0,229.25,3.73
"312","8/11/2015",27.2,82.63,1.4,0,206.75,3.86
"313","9/11/2015",27.14,84.42,1.53,0.51,244.75,3.51
"314","10/11/2015",26.05,88.42,1.2,1.78,207.38,4.09
"315","11/11/2015",26.26,88.79,0.47,2.28,187.46,3.45
"316","12/11/2015",26.69,87.13,0.27,0.25,204.88,3.08
"317","13/11/2015",27.35,86.13,0.4,0,194.75,3.36
"318","14/11/2015",27.87,79.42,2.2,0,214.46,3.27
"319","15/11/2015",27.11,82.58,1.93,0,207.88,3.99
"320","16/11/2015",26.51,88.92,0.4,17.52,195.25,3.74
"321","17/11/2015",25.37,92.5,0.67,3.55,124.96,3.16
"322","18/11/2015",26.13,88.75,0.13,7.36,220.33,2.06
"323","19/11/2015",26.44,90.25,0.07,12.69,173.88,3.53
"324","20/11/2015",25.72,93.5,0.07,29.71,129.17,2.75
"325","21/11/2015",26.16,90.29,0.4,12.95,190.33,2.14
"326","22/11/2015",25.43,89.58,0.73,0.25,120.71,3.12
"327","23/11/2015",26.79,78,4.21,0,221.29,2.12
"328","24/11/2015",27.94,68.63,6.08,0,220.5,4.23
"329","25/11/2015",26.94,74.38,5.23,0,234.42,4.61
"330","26/11/2015",28.22,71.33,8.93,0,213.46,4.66
"331","27/11/2015",28.15,69.21,6.49,0,233.71,4.63
"332","28/11/2015",27.83,71.88,4.75,0,236.54,4.8
"333","29/11/2015",27.19,68.33,4.09,0,237.33,4.71
"334","30/11/2015",25.71,75.83,0.93,0,236.42,4.77
"335","1/12/2015",26.54,74.38,2,0,237.29,4.13
"336","2/12/2015",25.99,79.38,0.53,0,236.75,4.36
"337","3/12/2015",27.26,77.42,2.73,0,231.21,4.03
"338","4/12/2015",28.4,75.08,7.33,0,236.13,4.3
"339","5/12/2015",27.2,76.46,6.78,0,125.29,4.98
"340","6/12/2015",28.38,70.83,10.48,0,178.75,2.84
"341","7/12/2015",28.9,66.04,10.36,0,226.58,4.36
"342","8/12/2015",27.2,75.67,3.75,0,225.88,5.35
"343","9/12/2015",27.36,76.88,3,0,223.08,4.43
"344","10/12/2015",26.77,81.33,2.81,0,209.79,4.22
"345","11/12/2015",27.52,78.04,4.28,0,216.79,3.89
"346","12/12/2015",28.78,70.08,5,0,217.13,4.16
"347","13/12/2015",27.75,76.42,1.6,0,218.54,4.54
"348","14/12/2015",27.08,80.25,0.6,0,213.17,4.1
"349","15/12/2015",27.06,80.08,0.93,0,214.13,3.58
"350","16/12/2015",26.7,81.54,0.8,0,220.67,3.66
"351","17/12/2015",26.81,78.88,1.47,0,223.75,3.76
"352","18/12/2015",27.37,73,3.88,0,226.33,3.97
"353","19/12/2015",28.52,70.08,8.11,0,222.25,4.51
"354","20/12/2015",28.71,70.13,12.36,0,197.08,4.84
"355","21/12/2015",28.96,65.08,12.23,0,219,4.76
"356","22/12/2015",28.75,66.75,9,0,221.96,5.49
"357","23/12/2015",27.27,76.67,3.13,0,204.92,5.27
"358","24/12/2015",28.32,73.58,6.65,0,215.5,3.89
"359","25/12/2015",28.7,68.04,10.83,0,218.67,4.6
"360","26/12/2015",28.84,67,10.68,0,220.96,5
"361","27/12/2015",28.58,67.33,6.5,0,219.38,5.17
"362","28/12/2015",27.79,71.04,4.35,0,219.25,4.82
"363","29/12/2015",27.55,71.38,4.53,0,220.21,4.56
"364","30/12/2015",29.07,68.67,10.14,0,219.92,4.43
"365","31/12/2015",29.13,67.79,11.9,0,222.79,5.08
"366","1/1/2016",29.08,62,12.3,0,224.71,5.36
"367","2/1/2016",28.61,63,10.7,0,226.17,5.79
"368","3/1/2016",28.29,67.38,5.21,0,224.67,5.6
"369","4/1/2016",27.68,71.83,3.74,0,225.54,4.73
"370","5/1/2016",28.1,69.88,5.35,0,225.96,4.43
"371","6/1/2016",27.89,69.29,6.9,0,222.17,4.82
"372","7/1/2016",27.95,69.25,4.81,0,226.13,4.77
"373","8/1/2016",27.01,72.21,3.68,0,228.58,4.63
"374","9/1/2016",26.78,74.13,1,0,230.88,4.58
"375","10/1/2016",27.03,69.42,4.96,0,235.33,4.18
"376","11/1/2016",27.85,55.08,6.15,0,240.13,4.91
"377","12/1/2016",25.57,67.42,5.1,0,231,5.54
"378","13/1/2016",26.98,67.04,4.49,0,229.17,4.98
"379","14/1/2016",26.38,72.71,1.47,0,215.21,4.8
"380","15/1/2016",26.3,68.42,2.67,0,236.04,4
"381","16/1/2016",25.24,71.79,1.87,0,236.29,4.72
"382","17/1/2016",27.4,72.29,4.15,0,236.63,4.5
"383","18/1/2016",28.17,61.75,10.88,0,232.25,4.72
"384","19/1/2016",27.17,64,13.3,0,230.83,5.68
"385","20/1/2016",27.79,63.46,9.73,0,235.21,5.72
"386","21/1/2016",27.13,66.67,6.17,0,234.21,5.5
"387","22/1/2016",27.77,65.46,4.68,0,237.46,5.18
"388","23/1/2016",27.45,61.54,12.1,0,233.38,5.1
"389","24/1/2016",26.78,54.88,9.52,0,234.63,5.83
"390","25/1/2016",27.43,63,7.18,0,239.33,5.84
"391","26/1/2016",27.13,70.21,5.84,0,239.71,5.4
"392","27/1/2016",27.06,68.71,3.2,0,245.75,5
"393","28/1/2016",26.94,67.25,3.4,0,244.5,4.99
"394","29/1/2016",28.3,60.75,8.93,0,239.71,4.95
"395","30/1/2016",27.94,62.92,7.92,0,243.67,5.87
"396","31/1/2016",28,64.54,5.02,0,246.29,5.54
"397","1/2/2016",28.07,62.58,7.7,0,247.63,5.29
"398","2/2/2016",26.63,66,1.73,0,228.71,5.57
"399","3/2/2016",26.81,66.46,1.6,0,249.5,4.62
"400","4/2/2016",26.84,67.25,5.03,0,249.46,4.83
"401","5/2/2016",27.69,60.54,12.08,0,249.54,5.23
"402","6/2/2016",28.19,54.83,12.03,0,254.46,6.14
"403","7/2/2016",27.93,58.08,13.37,0,254.04,6.62
"404","8/2/2016",27.35,59.67,11.97,0,257,6.53
"405","9/2/2016",27.88,57.79,8.85,0,251.58,6.39
"406","10/2/2016",26.67,54.71,11.68,0,222.38,6.01
"407","11/2/2016",26.98,59.08,13.02,0,250.25,5.95
"408","12/2/2016",27.96,60.67,11.83,0,253,6.35
"409","13/2/2016",27.98,63.54,13.77,0,257.5,6.23
"410","14/2/2016",27.98,61.75,12.57,0,252.83,6.38
"411","15/2/2016",29.1,59.17,9.39,0,257.13,6.29
"412","16/2/2016",28.04,65.92,6.78,0,258.46,6.24
"413","17/2/2016",29,61.58,9.6,0,258.58,5.71
"414","18/2/2016",29.22,62.42,12.23,0,255.08,6.22
"415","19/2/2016",28.44,63.21,14.1,0,260.25,6.36
"416","20/2/2016",28.38,62.13,13.63,0,265.42,6.59
"417","21/2/2016",28.72,62.29,11.42,0,265.92,6.63
"418","22/2/2016",29.33,59.83,8.91,0,265,6.48
"419","23/2/2016",28.9,64.33,3.4,0,262.79,6.22
"420","24/2/2016",28.37,65.13,2.27,0,247,5.45
"421","25/2/2016",28.51,61.25,8.72,0,268.63,4.89
"422","26/2/2016",28.73,58.38,0,0,262.92,6.46
"423","27/2/2016",28.58,57.83,9.13,0,271.13,4.74
"424","28/2/2016",28.1,60.88,10.94,0,270.63,6.45
"425","29/2/2016",27.73,62.46,6.24,0,265.63,6.44
"426","1/3/2016",27.94,60.83,6.92,0,261.42,5.81
"427","2/3/2016",28.1,62,7.86,0,266.79,5.96
"428","3/3/2016",28.75,59.63,10.13,0,257.38,6.14
"429","4/3/2016",28.99,60.33,6.31,0,272.25,6.28
"430","5/3/2016",29.33,58.63,7.58,0,246.17,6.14
"431","6/3/2016",28.92,61,6.44,0,258.54,5.9
"432","7/3/2016",29.29,60.46,4,0.5,254.58,5.78
"433","8/3/2016",29.6,57.42,4.95,0,265.33,5.36
"434","9/3/2016",29.66,58.46,4.81,0,281.33,5.9
"435","10/3/2016",30,58.96,4.67,0,280.42,6.1
"436","11/3/2016",29.48,63.38,5.34,0,241.33,6.07
"437","12/3/2016",29.66,59.96,7.23,0,280,5.19
"438","13/3/2016",29.03,57.25,4,0,283,6.08
"439","14/3/2016",28.55,55.08,4.29,0,286.42,5.95
"440","15/3/2016",28.1,53.88,6.45,0,287.79,6.19
"441","16/3/2016",29.31,51.21,5.55,0,287.17,6.64
"442","17/3/2016",28.16,58.83,1.8,0,258,6.41
"443","18/3/2016",27.52,68.76,1.14,0,140.86,5.19
"444","19/3/2016",29.36,66,2.07,0,270.13,8
"445","20/3/2016",29.68,64.21,5.02,0,265.63,5.36
"446","21/3/2016",30.17,55.79,9.93,0,265.54,5.78
"447","22/3/2016",29.63,57.29,13.83,0,278.38,6.68
"448","23/3/2016",29.87,58.08,12.37,0,278,7.35
"449","24/3/2016",30.02,56.63,7.86,0,277.75,6.93
"450","25/3/2016",30.12,56.83,7.57,0,279.92,6.52
"451","26/3/2016",30.58,58.04,7.7,0,262.42,6.46
"452","27/3/2016",30.82,56.96,4.93,0,275,6.18
"453","28/3/2016",30.22,58.13,5.56,0,278.33,6.13
"454","29/3/2016",30.33,55.79,5.75,0,273.42,6.33
"455","30/3/2016",29.73,53,1.67,0,281.04,6.29
"456","31/3/2016",29.92,63.21,1.8,0,262.46,5.72
"457","1/4/2016",27.73,75.96,1.2,3.55,162.42,5.25
"458","2/4/2016",28.63,69.29,1.67,0,283.13,3.33
"459","3/4/2016",30.05,64.46,4.4,0,262,5.3
"460","4/4/2016",30.03,57.92,9,0,279.79,5.54
"461","5/4/2016",29.88,56.71,11,0,287.75,6.65
"462","6/4/2016",30.25,55.13,10.89,0,287.21,7.14
"463","7/4/2016",30.21,53.17,12.23,0,291.5,7.09
"464","8/4/2016",30.11,54.88,11.96,0,289,7.56
"465","9/4/2016",30.2,52.92,12.55,0,296.79,7.47
"466","10/4/2016",30.14,52.96,11.69,0,294.04,7.87
"467","11/4/2016",30.17,52.71,10.95,0,291.54,7.56
"468","12/4/2016",29.33,53.88,4.95,0,297.58,7.38
"469","13/4/2016",29.66,62.13,3,0,216.58,6.67
"470","14/4/2016",29.18,62.42,3.47,0,261.13,4.78
"471","15/4/2016",29.28,56.67,3.27,0,262.83,5.47
"472","16/4/2016",29.45,57.08,1.6,0,228.13,5.54
"473","17/4/2016",30.16,59.33,1.73,0,219.79,4.75
"474","18/4/2016",29.78,61.46,5.29,0,254.42,4.68
"475","19/4/2016",31.01,53.67,6.69,0,267.67,5.78
"476","20/4/2016",30.53,53.17,6.85,0,295.54,6.36
"477","21/4/2016",30.76,52.17,4.54,0,266.67,6.9
"478","22/4/2016",31.5,52.42,4.81,0,291.25,6.11
"479","23/4/2016",30.18,61.5,2.6,0,181.17,6.63
"480","24/4/2016",30.33,68.29,2.73,0,174.17,3.96
"481","25/4/2016",30.57,67.21,2.53,0,217.46,3.77
"482","26/4/2016",29.24,73.83,1.4,18.28,209.08,4.58
"483","27/4/2016",28.22,80.75,1.07,0,153.38,4.05
"484","28/4/2016",27.35,86.67,0.53,7.61,111.58,2.84
"485","29/4/2016",28.69,79.29,1.33,14.22,239.83,2.09
"486","30/4/2016",28.29,82.88,0.73,0.25,224.67,4.23
"487","1/5/2016",27.75,82.67,0.73,4.82,146.21,3.8
"488","2/5/2016",27.56,84.71,1.13,65.54,209.33,2.66
"489","3/5/2016",26.98,85.33,1.33,1.26,201.83,3.62
"490","4/5/2016",27.9,83.29,0,0,205.33,3.37
"491","5/5/2016",25.99,89.57,0.35,0.25,91.96,3.46
"492","6/5/2016",26.4,87.12,0.58,0,131.96,4.89
"493","7/5/2016",29.18,59.83,4.13,0,237.79,2.39
"494","8/5/2016",28.85,60.29,4.67,0,257.21,5.12
"495","9/5/2016",28.4,68.58,1.6,0,279.58,5.44
"496","10/5/2016",28.5,70.71,1.47,0,278.5,5.25
"497","11/5/2016",28.53,70.75,2,0,253.38,5.17
"498","12/5/2016",29.33,67.17,5.62,0.25,222.96,4.95
"499","13/5/2016",30.72,60,8.98,0,291.42,4.94
"500","14/5/2016",29.84,63.04,6.98,0,295.58,6.4
"501","15/5/2016",29.49,68,4.63,0,248.04,6.45
"502","16/5/2016",29.69,70.17,3.87,0,268.79,5.22
"503","17/5/2016",29.33,74.71,2.94,22.35,270.08,5.4
"504","18/5/2016",27.75,83.17,1.93,0.25,156.21,5.09
"505","19/5/2016",28.68,78.38,2.55,0,237.08,2.87
"506","20/5/2016",28.17,79.83,3.4,0,161.04,4.42
"507","21/5/2016",29.89,69.04,7.71,0,249.33,3.18
"508","22/5/2016",30.13,65.42,3.74,0,296.29,5.37
"509","23/5/2016",29.2,75.92,1.73,0,250.21,5.99
"510","24/5/2016",30.1,72.67,2.87,0,266.38,4.68
"511","25/5/2016",30.21,70.5,4.22,0,276.67,5.21
"512","26/5/2016",29.83,70.75,2.67,0,234.21,5.65
"513","27/5/2016",27.34,82.25,1.53,2.54,225.63,4.73
"514","28/5/2016",26.51,87.92,1.2,5.33,149.67,3.93
"515","29/5/2016",27.5,85.13,0.67,28.69,233.58,2.57
"516","30/5/2016",26.4,90.25,0.53,27.42,157.25,3.88
"517","31/5/2016",25.47,92.46,0.47,28.69,145.67,2.49
"518","1/6/2016",25.84,91,0.47,0.5,157.54,2.31
"519","2/6/2016",26.22,90.38,0.87,18.02,192.42,2.56
"520","3/6/2016",26.25,88.38,1,9.14,199.58,3.17
"521","4/6/2016",25.94,91.58,1.13,4.06,161.63,3.29
"522","5/6/2016",24.28,96.67,0.2,25.39,57.5,2.82
"523","6/6/2016",26.32,89.04,1,1.25,258.08,0.86
"524","7/6/2016",26.19,91.75,0.53,28.95,169.92,4.19
"525","8/6/2016",26.08,91.92,0.73,21.85,198.5,2.97
"526","9/6/2016",26.15,88.04,0.13,2.54,227.04,3.23
"527","10/6/2016",26.35,86.17,2.2,16,234.92,3.64
"528","11/6/2016",24.79,93.63,0.4,9.14,130.13,4.04
"529","12/6/2016",26.25,87.58,1.13,0.25,166.75,2.06
"530","13/6/2016",26.83,80.71,3.47,16.76,212.63,2.86
"531","14/6/2016",25.82,86.54,1.07,9.9,207.33,4.05
"532","15/6/2016",25.02,92.21,0.4,43.17,140.75,3.47
"533","16/6/2016",25.89,88.46,0.07,33.53,238.67,2.39
"534","17/6/2016",26.9,85.33,1.87,0.25,196.75,3.87
"535","18/6/2016",26.25,87.5,0.2,10.92,210.5,3.37
"536","19/6/2016",27.88,80.17,2.73,0,260.5,3.42
"537","20/6/2016",27.1,80.46,2.27,0.25,152,4.62
"538","21/6/2016",26.62,82.08,3.2,1,189.42,2.81
"539","22/6/2016",26.65,86.79,1.27,8.88,235.29,3.5
"540","23/6/2016",26.71,85.08,2.4,0.25,154.17,4.04
"541","24/6/2016",27.63,81.67,3.94,0.76,185.71,2.82
"542","25/6/2016",25.93,85,2.27,3.8,118.21,3.67
"543","26/6/2016",27.28,78.08,3.6,6.6,192.92,2.16
"544","27/6/2016",27.84,74.83,3.2,0,271.46,3.8
"545","28/6/2016",28.33,74.17,4.69,0,293.75,5.09
"546","29/6/2016",28.67,73.75,5.75,0,281.83,5.69
"547","30/6/2016",28.62,76.96,3.73,6.1,215.38,5.57
"548","1/7/2016",26.12,89.58,1.07,4.05,137.25,4.29
"549","2/7/2016",25.29,85.38,2.41,0,103.67,2.26
"550","3/7/2016",27.08,78.54,3.07,0,208.58,3.99
"551","4/7/2016",28.14,70.96,7.51,0,191.5,4.29
"552","5/7/2016",28.9,70.79,4.81,0,277.83,5.51
"553","6/7/2016",28.83,73.25,4.4,0,225.79,4.57
"554","7/7/2016",27.62,80.17,2.53,0,130.21,2.59
"555","8/7/2016",28.02,80.92,2.47,0.25,256,4.53
"556","9/7/2016",26.84,83.25,2.47,2.79,124.67,2.3
"557","10/7/2016",28.35,75.63,4.33,0.51,210.38,4.09
"558","11/7/2016",26.59,82.38,2.93,14.72,203.75,3.74
"559","12/7/2016",26.96,83.33,1.67,4.32,241.33,4.15
"560","13/7/2016",26.16,82.88,3.2,0.25,153.29,2.86
"561","14/7/2016",27.99,72.63,5.02,0,291.08,5.48
"562","15/7/2016",27.15,75.25,4.09,0,279.92,5.34
"563","16/7/2016",28,68.88,4.53,0,265.29,5.17
"564","17/7/2016",26.92,75,3.88,0,164.08,3.37
"565","18/7/2016",25.53,84.88,1.33,27.43,130.96,2.39
"566","19/7/2016",25.29,90.96,0.07,2.02,147.67,2.3
"567","20/7/2016",26.55,82.33,1.67,0,158.5,3.03
"568","21/7/2016",28.8,68.75,5.41,1.02,282.79,5.53
"569","22/7/2016",26.14,81.5,3.14,0.5,155.71,3
"570","23/7/2016",25.6,86.88,1.4,2.54,254.79,4.28
"571","24/7/2016",27.73,76.13,4.07,0.25,283.13,5.22
"572","25/7/2016",28.44,70.33,4.4,0,254.88,4.94
"573","26/7/2016",27.68,75.83,5.36,0,283.21,5.33
"574","27/7/2016",28.15,72.92,6.23,0,264.79,5.39
"575","28/7/2016",28.68,73.88,4.28,0,248.25,4.71
"576","29/7/2016",26.52,87.17,0.73,36.06,224.21,3.77
"577","30/7/2016",25.77,83.33,3.34,1.26,136.42,2.61
"578","31/7/2016",27.84,73.29,4.8,0,224.29,4.6
"579","1/8/2016",28.81,70.46,5.8,0,282.96,5.54
"580","2/8/2016",27.26,81.29,1.27,10.16,222.71,3.97
"581","3/8/2016",26.82,87.46,1.47,0.5,211.54,3.58
"582","4/8/2016",25.79,90.46,0,1.53,160.42,2.73
"583","5/8/2016",26.85,87.42,0,8.38,248.58,3.97
"584","6/8/2016",28.21,78.67,2.27,0.25,293.79,5.23
"585","7/8/2016",28.21,77.75,2.93,0,237.88,4.45
"586","8/8/2016",26.61,87.83,1.07,32.25,161.17,2.84
"587","9/8/2016",26.68,86.08,2.13,1.52,122.13,2.29
"588","10/8/2016",28.18,76.42,4.67,0,219.21,4.4
"589","11/8/2016",26.22,79.25,2.87,0.5,126.38,2.56
"590","12/8/2016",26.47,80.96,0.47,7.37,249.5,4.08
"591","13/8/2016",26.89,87.08,0.27,31.5,276.58,4.34
"592","14/8/2016",25.76,91.67,0.47,5.58,177.04,2.91
"593","15/8/2016",25.01,94.13,0.4,45.47,155.83,2.48
"594","16/8/2016",27.3,82.04,0.53,0,243,4.04
"595","17/8/2016",27.81,79.21,3.27,2.79,194.67,3.73
"596","18/8/2016",27.75,79.08,3.67,0,185.04,3.7
"597","19/8/2016",29.11,71.96,5.28,0,293.38,5.67
"598","20/8/2016",28.04,75.96,4.48,0.25,269.42,5.14
"599","21/8/2016",27.46,80.33,1.73,0,206.17,3.83
"600","22/8/2016",27.99,78.17,4.27,0,201.63,4.16
"601","23/8/2016",28.32,68.63,7.71,0,214.88,4.74
"602","24/8/2016",29.05,66.83,6.49,0,291.83,5.93
"603","25/8/2016",26.93,79.83,2.21,0,242.67,4.32
"604","26/8/2016",26.63,84.92,0.6,5.58,201.88,3.43
"605","27/8/2016",25.72,90.88,0.87,49.01,178.17,2.95
"606","28/8/2016",25.96,91.42,0.13,3.55,205.83,3.35
"607","29/8/2016",25.79,90.83,0.6,30.72,171.13,2.88
"608","30/8/2016",25.37,91.58,0.6,20.82,205.5,3.25
"609","31/8/2016",25.45,90.54,0.27,36.06,207.67,3.32
"610","1/9/2016",25.13,91.67,0.27,20.31,177.25,2.73
"611","2/9/2016",25.22,91.42,0.33,17.78,212.71,3.35
"612","3/9/2016",26.96,87.63,0,0.25,245.88,3.94
"613","4/9/2016",27.32,81.33,3.2,0,245.21,4.48
"614","5/9/2016",25.28,88.17,1.13,0.25,177.5,3.06
"615","6/9/2016",24.32,93.71,0.47,39.11,143.63,2.4
"616","7/9/2016",25.33,90.04,1,0.25,176.54,2.92
"617","8/9/2016",25.86,87.5,0.27,0,164.75,2.86
"618","9/9/2016",26.65,84.54,1.93,0,231,4.01
"619","10/9/2016",25.19,92.92,0.67,22.09,90.92,1.62
"620","11/9/2016",26.14,88.92,0,18.55,229.04,3.77
"621","12/9/2016",25.39,92.67,0.4,23.61,147.75,2.52
"622","13/9/2016",25.24,91.17,0.13,24.88,157.58,2.62
"623","14/9/2016",26.01,90.63,0.47,23.37,229.75,3.69
"624","15/9/2016",26.03,92.83,0.47,9.14,195.96,3.1
"625","16/9/2016",26.31,87.13,1,13.46,231.58,3.79
"626","17/9/2016",26.64,84.17,1.67,1.77,252.04,4.38
"627","18/9/2016",28.34,78.79,2.6,0.25,263.38,4.78
"628","19/9/2016",28.89,71.5,4.68,0,279.5,5.49
"629","20/9/2016",26.21,87.42,0.8,3.04,140.46,2.48
"630","21/9/2016",25.29,89.75,0.07,1.01,177.33,2.84
"631","22/9/2016",26.98,83.21,0.73,1.02,273.38,4.52
"632","23/9/2016",24.96,91,0.13,5.08,174.54,2.81
"633","24/9/2016",26.41,88.67,0.33,0.25,208.92,3.4
"634","25/9/2016",26.81,83.71,1.47,0,212.29,3.72
"635","26/9/2016",25.22,90.33,0.07,43.68,176.79,2.95
"636","27/9/2016",25.68,87.88,0.2,4.82,156.08,2.64
"637","28/9/2016",27.45,82.04,0.33,0,269,4.36
"638","29/9/2016",27.61,80.33,1.73,0.25,238.08,4.11
"639","30/9/2016",26.98,80.29,0.93,0,188.63,3.28
"640","1/10/2016",26.75,83,0,1.52,291.79,4.69
"641","2/10/2016",26.09,88.33,0,9.14,241.71,3.84
"642","3/10/2016",25.37,91.08,0,0.75,183.13,2.87
"643","4/10/2016",25.4,90.71,0,2.28,189.75,2.96
"644","5/10/2016",25.75,89.21,0,4.06,245.42,3.83
"645","6/10/2016",25.88,91.88,0,0.25,165.71,2.71
"646","7/10/2016",25.28,92,0,20.05,164.13,2.66
"647","8/10/2016",26.29,88.54,0.47,0.5,224.83,3.63
"648","9/10/2016",25.7,90.33,0,45.22,214.29,3.41
"649","10/10/2016",26.38,86.42,1.13,0.5,186.71,3.22
"650","11/10/2016",26.62,83.38,0.8,0,174.38,3.21
"651","12/10/2016",26.26,88.46,0.67,0.5,160.88,2.75
"652","13/10/2016",25.95,91.33,0,3.55,156.42,2.66
"653","14/10/2016",25.99,91,0,35.81,190.25,3.1
"654","15/10/2016",26.45,90,0,0.25,198.67,3.18
"655","16/10/2016",25.91,90.13,0.2,20.83,183.75,2.97
"656","17/10/2016",25.13,94.29,0,38.35,136.46,2.28
"657","18/10/2016",25.08,94.42,0,0.75,114.83,1.75
"658","19/10/2016",23.91,97.33,0.13,40.65,57.75,0.88
"659","20/10/2016",24.98,94.75,0,8.89,137.79,2.32
"660","21/10/2016",25.71,92.29,0,6.1,189.13,3.11
"661","22/10/2016",26.37,86.83,0.47,0,137.88,2.4
"662","23/10/2016",25.89,84.46,0.73,0,115.67,2.06
"663","24/10/2016",27.83,75.58,1.07,0,247.21,4.32
"664","25/10/2016",26.5,83.21,0.27,5.33,261.71,4.22
"665","26/10/2016",26.07,85.54,0,0,216.88,3.44
"666","27/10/2016",26.18,87.42,0,6.09,228.21,3.58
"667","28/10/2016",25.35,92.46,0,0.25,135.08,2.14
"668","29/10/2016",25.07,92.79,0,10.15,148.42,2.37
"669","30/10/2016",25.33,92.29,0,4.07,141.58,2.5
"670","31/10/2016",26.11,90.83,0,9.14,189.46,3.07
"671","1/11/2016",24.97,93.21,0,22.33,130.08,2.17
"672","2/11/2016",25,93.43,0,0.5,164.43,2.43
"673","3/11/2016",25.96,91.29,0,0,205.54,3.31
"674","4/11/2016",26.43,90.96,0,14.73,147.96,2.59
"675","5/11/2016",26.27,84.54,1.67,11.68,183.08,3.27
"676","6/11/2016",26.67,78.38,0.93,0,220.42,3.96
"677","7/11/2016",26.53,78.25,0.2,0,246.58,4.16
"678","8/11/2016",26.1,83,0,7.1,245.04,4.03
"679","9/11/2016",25.81,89.08,0,0.25,233.29,3.66
"680","10/11/2016",26.36,87.04,0.67,0,111.79,2.14
"681","11/11/2016",25.7,88.63,0.47,18.03,130.58,2.25
"682","12/11/2016",25.95,86.04,0.8,0,168.13,2.91
"683","13/11/2016",25.93,85.96,0.13,0,168.75,2.78
"684","14/11/2016",25.36,91.13,0,4.57,138.5,2.15
"685","15/11/2016",25.43,89.5,0,3.3,200.08,3.15
"686","16/11/2016",25.68,89.5,0,4.31,190.63,3.07
"687","17/11/2016",26.04,83.17,0.13,0.25,235.67,3.86
"688","18/11/2016",24.47,94.08,0,7.1,100.96,1.61
"689","19/11/2016",25.53,90.38,0,2.54,130.13,2.08
"690","20/11/2016",25.43,84.79,0,0,213.13,3.44
"691","21/11/2016",24.6,75.75,0.53,0,205.42,3.5
"692","22/11/2016",24.59,76.75,0.4,0,244.67,4.06
"693","23/11/2016",23.56,90.96,0,1.02,106.04,1.66
"694","24/11/2016",23.2,97.08,0.13,100.83,34.96,0.52
"695","25/11/2016",25.6,91.38,0,2.53,178.71,2.89
"696","26/11/2016",25.81,92.92,0,2.02,124.29,2.13
"697","27/11/2016",25.4,92.25,0,0.5,126.25,1.96
"698","28/11/2016",25.29,89.17,0.13,0,122.83,2.06
"699","29/11/2016",26.13,88.29,0.2,2.02,184.38,3.07
"700","30/11/2016",25.18,93.42,0,0,92.54,1.51
"701","1/12/2016",26.03,83.96,1.13,0.25,210.42,3.65
"702","2/12/2016",26.25,79.71,1.33,0,230,3.99
"703","3/12/2016",26.04,82.88,0,0,194.08,3.38
"704","4/12/2016",23.81,96.54,0,67.56,47.58,0.75
"705","5/12/2016",25.17,91.63,0,4.82,162.33,2.67
"706","6/12/2016",26.27,84.79,0.6,0,211.33,3.5
"707","7/12/2016",25.91,82.13,1.33,0.25,212.25,3.53
"708","8/12/2016",25.36,83.58,2.87,0,177.83,3.3
"709","9/12/2016",26.55,78.33,2.6,0.25,177.5,3.26
"710","10/12/2016",25.78,79,1.33,1.02,133.25,2.58
"711","11/12/2016",24.16,92.75,0,1.76,79.58,1.26
"712","12/12/2016",23.92,95.71,0,5.32,79.38,1.21
"713","13/12/2016",25.25,90,0.13,0.25,144.79,2.43
"714","14/12/2016",26.02,84.5,0.2,0,129.21,2.3
"715","15/12/2016",27.16,76.46,0.8,0.51,207.29,3.57
"716","16/12/2016",27.25,74.42,1.2,1.02,222.04,3.94
"717","17/12/2016",26.49,78.67,0.2,1.52,142.21,2.81
"718","18/12/2016",27.38,73.79,0.8,0,238.46,4.19
"719","19/12/2016",26.63,76.33,0.47,0,113.04,2.38
"720","20/12/2016",26.05,79.96,0.8,1.01,144.13,2.73
"721","21/12/2016",24.88,83.67,1.67,2.54,84.63,1.69
"722","22/12/2016",26.78,71.79,3.47,0,230.29,4.35
"723","23/12/2016",25.52,78.63,0.73,0,176.71,3.39
"724","24/12/2016",26.37,77.25,0.47,0,233.75,3.88
"725","25/12/2016",26.88,76.71,0.33,1.02,219.96,3.85
"726","26/12/2016",26.84,76.88,0.27,4.31,185.17,3.3
"727","27/12/2016",27.27,72.08,4.6,0,214.17,4.13
"728","28/12/2016",26.39,75.71,0.67,3.3,147.63,2.94
"729","29/12/2016",26.64,72.33,0.67,0,225.13,3.92
"730","30/12/2016",25.77,73.83,1.13,0,179.21,3.28
"731","31/12/2016",25.95,74.29,1,0,150.67,2.86
"732","1/1/2017",26.74,73.42,1.07,0,173.42,3.32
"733","2/1/2017",27.73,70.13,1,0,228.71,4.11
"734","3/1/2017",26.55,73.17,1.47,2.28,229.75,4.22
"735","4/1/2017",26.76,71.13,2.13,0,235.21,4.41
"736","5/1/2017",26.15,75.58,2.13,0,229.67,4.09
"737","6/1/2017",26.6,72.96,1.27,0,205.25,3.71
"738","7/1/2017",25.8,76.13,3.95,0,191.25,3.79
"739","8/1/2017",26.83,71.29,3.14,0.25,141.79,3.24
"740","9/1/2017",25.99,72.04,4.2,0,160,3.48
"741","10/1/2017",26.32,68.38,4.69,0,237.63,4.63
"742","11/1/2017",25.97,72.5,2.61,0,200.42,3.91
"743","12/1/2017",26.14,74.21,1,0,188.63,3.48
"744","13/1/2017",26.28,73.58,1.27,2.29,191.96,3.53
"745","14/1/2017",26.38,65.38,3.14,0,240.38,4.62
"746","15/1/2017",26,70.08,2.14,0,231.04,4.2
"747","16/1/2017",26.65,68.17,1.33,0,234.29,4.11
"748","17/1/2017",26.65,70.21,1.2,0,250.54,4.59
"749","18/1/2017",27.19,65.46,1.33,0,245.79,4.57
"750","19/1/2017",26.83,69.29,0.6,0,251.96,4.34
"751","20/1/2017",25.5,79.79,0,0,247.38,4.05
"752","21/1/2017",25.51,83.17,0,0,228.25,3.71
"753","22/1/2017",24.75,80.04,0,0,246,3.91
"754","23/1/2017",23.74,80.54,0,2.28,249.42,4
"755","24/1/2017",25.07,75.67,0.33,0,249.21,4.2
"756","25/1/2017",25.28,71.33,1.67,0,250.13,4.46
"757","26/1/2017",26.07,67.04,1.27,0,252.5,4.63
"758","27/1/2017",26.65,70.92,1.2,0,226.92,4.02
"759","28/1/2017",28,63.5,3.95,0,250.04,5.16
"760","29/1/2017",27.45,63.5,3.95,0,246.08,5
"761","30/1/2017",27.23,62.96,4.96,0,245.54,5.12
"762","31/1/2017",26.92,67.71,3,0,250.33,4.81
"763","1/2/2017",27.66,66.29,2,0,239.58,4.42
"764","2/2/2017",27.45,64.25,2.4,0,252.17,4.87
"765","3/2/2017",27.42,63.79,1.4,0,253.33,4.61
"766","4/2/2017",27.69,63.67,0.6,0,250.54,4.52
"767","5/2/2017",28.33,64.25,0.2,0,247.96,4.49
"768","6/2/2017",28.37,63.42,0.13,0,251.79,4.51
"769","7/2/2017",28.5,62.21,0,0,251.42,4.5
"770","8/2/2017",28.32,62.17,0,0,250,4.5
"771","9/2/2017",28.44,65.67,0,0,253.88,4.53
"772","10/2/2017",28.25,62.79,0.07,0,213.33,4.04
"773","11/2/2017",27.85,59.13,0,0,265.29,4.6
"774","12/2/2017",27.2,59.29,0,0,266.29,4.68
"775","13/2/2017",27.55,62.71,0,0,256.63,4.51
"776","14/2/2017",26.54,69.88,0,0,257.79,4.45
"777","15/2/2017",25.77,73.92,0,0,246.33,4.17
"778","16/2/2017",26.5,65.88,0,0,251,4.38
"779","17/2/2017",25.91,61,0,0,274.21,4.83
"780","18/2/2017",25.54,68.42,0,0,224.5,3.97
"781","19/2/2017",26.43,64,0,0,268.33,4.81
"782","20/2/2017",26.63,67.13,0,0,265.29,4.73
"783","21/2/2017",25.98,71.67,0,0,272.71,4.71
"784","22/2/2017",26.14,74.88,0,0,271.58,4.59
"785","23/2/2017",26.33,78.54,0,0,237.42,3.87
"786","24/2/2017",26.07,74.88,0,0,242.67,4.06
"787","25/2/2017",25.97,68.88,0,0,270.54,4.71
"788","26/2/2017",27.02,65.92,0,0,266.79,4.68
"789","27/2/2017",27.84,59.13,0,0,270.92,4.75
"790","28/2/2017",28.42,60.21,0,0,276.58,4.89
"791","1/3/2017",28.45,61,0,0,276.54,4.88
"792","2/3/2017",28.02,61.04,0,0,279.04,4.93
"793","3/3/2017",27.79,61.88,0,0,277.08,4.86
"794","4/3/2017",27.55,61.58,0,0,244.04,4.33
"795","5/3/2017",27.7,60.17,0,0,278.63,4.9
"796","6/3/2017",28.32,59.54,0,0,276,4.88
"797","7/3/2017",28.76,60.21,0,0.25,277.5,4.91
"798","8/3/2017",28.44,62.71,0,0.76,282.63,4.96
"799","9/3/2017",28.62,62.67,0,0,281.38,4.99
"800","10/3/2017",28.6,60,6.93,1.02,274.42,6.17
"801","11/3/2017",28.68,61.79,9.61,0,273.08,6.16
"802","12/3/2017",29.33,59.63,8.11,0,292.54,6.58
"803","13/3/2017",28.64,61.08,7.78,1.01,285.54,6.38
"804","14/3/2017",28.89,62.29,7.05,2.53,285,6.19
"805","15/3/2017",28.63,63,10.47,0,282.67,6.36
"806","16/3/2017",27.78,65.79,9.12,0,256.79,5.6
"807","17/3/2017",28.16,62.75,11.43,0,286.92,6.63
"808","18/3/2017",27.56,66.88,11.3,0,194.25,4.97
"809","19/3/2017",28.53,58.29,11.13,0,294.5,6.94
"810","20/3/2017",27.48,65.83,10.87,0.25,290.63,6.42
"811","21/3/2017",27.35,64.13,7.32,0,259.88,5.92
"812","22/3/2017",28.04,60.88,9.34,0,270.63,6.21
"813","23/3/2017",28.68,53.5,7.98,0,273.92,6.51
"814","24/3/2017",28.47,56.04,8.59,0,289.96,6.69
"815","25/3/2017",28.06,61.83,4.89,0,291.79,6.12
"816","26/3/2017",28.5,60.33,3.67,0,286.83,5.95
"817","27/3/2017",27.81,60.21,2.07,0,250.71,5.11
"818","28/3/2017",27.94,60.67,1.47,0,272.38,5.27
"819","29/3/2017",28.5,61,1.33,0,276.25,5.33
"820","30/3/2017",28.05,63.58,1.73,0,294.21,5.72
"821","31/3/2017",28.75,64.38,1.67,0,256.42,5.06
"822","1/4/2017",28.88,64,2.33,0,286.92,5.61
"823","2/4/2017",28.73,68.38,4.02,0,228.46,4.89
"824","3/4/2017",29.05,68.67,4.28,0.25,271.25,5.64
"825","4/4/2017",30.47,62.29,4.94,3.05,262.92,5.49
"826","5/4/2017",30.09,61.63,6.43,0.25,242.42,5.56
"827","6/4/2017",29.78,62.04,8.07,0,285.25,6.46
"828","7/4/2017",30.05,57.71,10.87,0,297.25,7.28
"829","8/4/2017",29.15,56.33,9.41,0,303.71,7.21
"830","9/4/2017",28.86,55.96,8.11,0,246.46,5.97
"831","10/4/2017",29.29,52.67,9.53,0.76,298.42,7.18
"832","11/4/2017",29.61,54.33,9.94,1.01,299.67,7.14
"833","12/4/2017",29.35,57.33,10.62,0,298.13,6.98
"834","13/4/2017",28.95,59.83,11.41,0,299.38,7.02
"835","14/4/2017",28.61,63,10.41,0,297.29,6.76
"836","15/4/2017",29.14,59.75,12.03,0,302.96,7.21
"837","16/4/2017",29.07,60.13,6.98,0,305.79,6.78
"838","17/4/2017",29.11,65.75,5.77,0,303.17,6.27
"839","18/4/2017",28.77,70.75,2.27,0,242.38,4.83
"840","19/4/2017",27.66,75.46,1.6,0,193.63,3.59
"841","20/4/2017",27.58,76.96,1.33,0,179.38,3.37
"842","21/4/2017",28.51,74.33,1.47,0,236.46,4.34
"843","22/4/2017",28.54,76.67,1.47,0,234,4.25
"844","23/4/2017",27.98,79.5,1.27,9.14,209,3.74
"845","24/4/2017",29.12,70.54,4.28,0.25,279.25,5.63
"846","25/4/2017",29.21,68.96,1.93,0,229.08,4.56
"847","26/4/2017",27.28,81.79,1.27,48.51,192.88,3.39
"848","27/4/2017",26.99,88.75,0.67,38.61,195.75,3.21
"849","28/4/2017",29.11,78.33,1.67,0.25,216.79,4.04
"850","29/4/2017",29.8,73.92,3.2,0,264.71,5.07
"851","30/4/2017",28.49,78.71,1.6,5.58,243.38,4.32
"852","1/5/2017",27.77,83.92,1.33,4.32,240.67,4.04
"853","2/5/2017",27.35,81.08,3.08,0.25,179.71,3.44
"854","3/5/2017",27.78,76.88,2.47,0,266.71,4.83
"855","4/5/2017",27.25,81.63,1.4,18.53,212.33,3.73
"856","5/5/2017",26.02,89.04,1.07,0.25,98.46,1.7
"857","6/5/2017",26.32,85.75,1.27,7.87,163.08,2.85
"858","7/5/2017",27.35,83.21,1.53,0,253.38,4.25
"859","8/5/2017",26.52,85.29,1.33,88.39,192.13,3.36
"860","9/5/2017",25.96,90.17,1,2.02,168.96,2.81
"861","10/5/2017",27.45,84.58,1.67,0.25,195.71,3.54
"862","11/5/2017",26.05,89.29,1.07,18.04,149.58,2.68
"863","12/5/2017",25.57,93.38,0.47,3.3,129.63,2.22
"864","13/5/2017",25.6,93.83,0.6,0.25,93.75,1.47
"865","14/5/2017",27.15,84.88,0.8,0.25,254,4.18
"866","15/5/2017",26.83,90.67,0.73,1.52,113.25,1.81
"867","16/5/2017",27.06,87.08,0.73,3.81,198.71,3.32
"868","17/5/2017",25.95,92.21,1,7.62,138.38,2.3
"869","18/5/2017",25.76,92,0.87,48.26,161.67,2.64
"870","19/5/2017",26.03,89.71,0.87,1.52,202.58,3.36
"871","20/5/2017",26.72,86.32,1.41,19.3,210.88,3.68
"872","21/5/2017",25.43,91.43,1.6,71.62,196.78,3.07
"873","22/5/2017",25.73,90.5,0.67,1.27,172.75,2.85
"874","23/5/2017",27.51,84.33,1.13,12.95,264.58,4.38
"875","24/5/2017",27.35,88.79,0.73,11.17,241.25,3.94
"876","25/5/2017",27.25,89,1.27,26.41,196.17,3.32
"877","26/5/2017",26.74,91.71,0.47,0,155.04,2.51
"878","27/5/2017",26.85,87.29,1.4,15.74,157,2.97
"879","28/5/2017",26.98,83.13,2.47,0.25,230.79,4.05
"880","29/5/2017",26.22,86.42,1.8,41.64,266.21,4.39
"881","30/5/2017",26.06,91,0.47,7.87,191.92,3.17
"882","31/5/2017",27.45,86.67,0.93,0.25,254.67,4.3
"883","1/6/2017",27.46,86,1.27,0.25,212.63,3.63
"884","2/6/2017",27.74,84.04,1.47,0,223.04,3.81
"885","3/6/2017",26.91,88.54,0.87,0,132.21,2.25
"886","4/6/2017",27.54,85.33,1.4,0.25,169.42,3.02
"887","5/6/2017",26.55,90.04,0.93,26.15,170.58,2.89
"888","6/6/2017",27.53,89.63,0.6,11.43,229.38,3.71
"889","7/6/2017",26.42,89.38,0.87,15.49,190.04,3.08
"890","8/6/2017",26.66,89.38,0.67,7.12,174.75,2.84
"891","9/6/2017",26.4,89.29,1.07,0.5,186.83,3.11
"892","10/6/2017",25.75,92.63,0.8,5.07,135,2.34
"893","11/6/2017",26.08,91.38,0.2,0,133.5,2.1
"894","12/6/2017",27.11,85.54,1.6,9.9,197.46,3.47
"895","13/6/2017",26.67,86.42,2.07,20.32,232.25,3.96
"896","14/6/2017",25.25,92,0.33,10.41,109.54,1.8
"897","15/6/2017",25.2,92.21,0.67,7.11,137.42,2.34
"898","16/6/2017",25.09,93.42,0.87,5.33,117.33,1.83
"899","17/6/2017",24.77,94.79,1.27,24.39,116,2.05
"900","18/6/2017",25.34,92.33,1.27,5.58,117.88,1.92
"901","19/6/2017",26.05,88.88,0.8,2.79,213.92,3.48
"902","20/6/2017",25.98,90.21,0.8,19.81,178.71,3.01
"903","21/6/2017",25.79,90.5,0.47,5.84,155.75,2.53
"904","22/6/2017",25.24,91.96,0.2,0.5,114.08,1.78
"905","23/6/2017",25.36,93.5,0.33,30.72,125.29,2.17
"906","24/6/2017",27.08,83.75,1.93,0,198.33,3.5
"907","25/6/2017",27.65,77.75,3.4,0,275.13,5.06
"908","26/6/2017",26.1,85.25,0.67,0,148.88,2.5
"909","27/6/2017",25.5,89.83,0.4,5.58,137.17,2.36
"910","28/6/2017",25.3,92.46,0.33,5.08,152.04,2.38
"911","29/6/2017",26.95,79.54,4.27,0.25,232.63,4.33
"912","30/6/2017",27.44,80.46,4.07,6.09,203.75,3.91
"913","1/7/2017",24.9,94.17,0.27,1.27,64.21,1.01
"914","2/7/2017",25.1,89.42,0.8,2.03,75.92,1.23
"915","3/7/2017",26.32,84.5,2.27,0.75,123.5,2.24
"916","4/7/2017",25.37,91.46,0.67,45.21,164.33,2.67
"917","5/7/2017",26.78,81.04,3,0.25,203.21,3.73
"918","6/7/2017",27.78,78.38,2.87,0.25,243.96,4.46
"919","7/7/2017",26.3,85.67,1.6,1.52,189.83,3.31
"920","8/7/2017",26.9,79.92,2.87,0.25,222.21,4.05
"921","9/7/2017",26.8,77.67,4.28,0,138.17,2.87
"922","10/7/2017",26.65,79.21,4.76,0,219.67,4.22
"923","11/7/2017",26.4,80.25,3.07,0,208.67,3.86
"924","12/7/2017",25.89,86,0.73,5.59,183.21,3.11
"925","13/7/2017",26.06,86.75,0.93,0.76,224.75,3.77
"926","14/7/2017",27.2,77.29,3.33,0.25,198.54,3.67
"927","15/7/2017",27.9,72.13,4.48,0,288.33,5.58
"928","16/7/2017",26.43,84.25,1.67,1.01,182.13,3.2
"929","17/7/2017",25.8,87.42,0.93,1.27,175.75,2.94
"930","18/7/2017",26.2,82.33,2.33,0.25,171.08,3.08
"931","19/7/2017",25.82,87.21,1.93,3.02,95.83,1.74
"932","20/7/2017",27.65,81.08,2.33,0,194.71,3.5
"933","21/7/2017",25.74,91,0.67,5.59,135.75,2.29
"934","22/7/2017",27.92,74.54,4.55,0,283.46,5.26
"935","23/7/2017",27,81.25,2.54,0,243.88,4.38
"936","24/7/2017",27.09,81.17,2.07,0,247.83,4.41
"937","25/7/2017",27.57,78.71,4.61,3.05,188.63,3.75
"938","26/7/2017",26.33,80.96,4.28,0.25,94.79,2.03
"939","27/7/2017",27.58,76.54,3.95,0,288,5.33
"940","28/7/2017",27.42,79.54,3.41,0,207.38,3.95
"941","29/7/2017",27.45,79.21,2.13,0,188.42,3.61
"942","30/7/2017",26.52,85.83,1.33,16.51,182.38,3.2
"943","31/7/2017",24.83,91.29,0.4,21.33,168.54,2.63
"944","1/8/2017",26.1,88.96,0.47,6.09,206.75,3.35
"945","2/8/2017",27.17,80.25,3.07,0.25,298.71,5.19
"946","3/8/2017",27.53,78.42,3.4,0,256.58,4.61
"947","4/8/2017",27.38,82.25,1.4,0,196.96,3.62
"948","5/8/2017",26.12,88.13,0.8,11.41,184.67,3.11
"949","6/8/2017",26,89.08,0.53,0.75,220.25,3.51
"950","7/8/2017",26.83,89,0.13,0,176.83,2.97
"951","8/8/2017",28.22,81,1.07,0,243.67,4.21
"952","9/8/2017",26.15,90.25,0.53,5.07,132.46,2.21
"953","10/8/2017",25.11,93.08,0.33,14.99,132.21,2.12
"954","11/8/2017",26.2,82.13,2.07,0.5,189,3.51
"955","12/8/2017",26.83,80.21,1.13,0,246.75,4.24
"956","13/8/2017",24.66,91.92,0,8.38,111.67,1.79
"957","14/8/2017",27.22,82.29,2.27,0.25,283.75,4.84
"958","15/8/2017",27.64,79.13,3.14,1.52,239.5,4.38
"959","16/8/2017",27.18,80.71,2.67,0,177.46,3.44
"960","17/8/2017",27.21,75.46,4.47,0.51,143.88,3.03
"961","18/8/2017",27.7,77.29,4.41,0,236,4.5
"962","19/8/2017",27.33,81.75,2.07,0.51,225.17,4.11
"963","20/8/2017",26.35,85.08,1.6,5.58,216.96,3.69
"964","21/8/2017",26.23,86.67,0.6,1.52,181.13,3.05
"965","22/8/2017",26.44,86.71,0,0.25,204.08,3.32
"966","23/8/2017",25.84,88.83,0.07,25.65,200.17,3.21
"967","24/8/2017",25.04,88.75,0.13,18.54,152.29,2.49
"968","25/8/2017",26.08,86.92,0,0.25,212.79,3.41
"969","26/8/2017",27.6,78.79,2.4,0,271.25,4.73
"970","27/8/2017",27.72,74.08,4,0,261.5,5
"971","28/8/2017",26.13,83.54,0.93,0,241.83,4
"972","29/8/2017",25.15,91.21,0.27,27.42,160.96,2.47
"973","30/8/2017",25.12,91.42,0.27,36.06,187.63,2.99
"974","31/8/2017",25.35,88.38,0,13.45,194.42,3.24
"975","1/9/2017",26.58,87.5,0.47,3.3,248.29,4.06
"976","2/9/2017",27.45,84.63,1.67,6.1,236.67,4.07
"977","3/9/2017",25.58,91.17,0.67,13.45,108.29,1.78
"978","4/9/2017",26.57,87.17,1,0.76,210.29,3.48
"979","5/9/2017",25.46,89.54,1.13,17.01,180.96,3.09
"980","6/9/2017",25.35,88.25,0.87,19.3,193.08,3.23
"981","7/9/2017",26.2,86.17,0.73,82.55,257.33,4.16
"982","8/9/2017",25.82,89.42,0.47,3.29,241.25,3.89
"983","9/9/2017",25.33,88.88,1.13,41.91,212,3.41
"984","10/9/2017",25.2,89.33,0.87,18.79,179.83,2.9
"985","11/9/2017",23.87,93.96,0.47,72.13,86.79,1.35
"986","12/9/2017",26.31,86.71,0.67,0.25,275.42,4.37
"987","13/9/2017",27.4,88.25,0.67,6.34,216.46,3.58
"988","14/9/2017",25.99,91.75,0.47,17,142.67,2.43
"989","15/9/2017",26.31,88.5,0.87,22.6,198.21,3.34
"990","16/9/2017",26.73,86.17,1.13,1.78,191.46,3.31
"991","17/9/2017",25.82,89.5,0.67,20.84,180.42,2.98
"992","18/9/2017",25.34,90.71,0.67,45.98,155.96,2.63
"993","19/9/2017",25.45,89.96,0.67,4.57,168.79,2.77
"994","20/9/2017",25.61,89.5,0.67,16.51,219.33,3.49
"995","21/9/2017",25.73,89.13,0.67,47.25,220.04,3.55
"996","22/9/2017",25.76,89.92,0.6,7.09,179.46,3.02
"997","23/9/2017",25.59,90.08,1.07,1.75,180.63,2.96
"998","24/9/2017",25.07,92.5,1,1.25,92.75,1.44
"999","25/9/2017",25.35,91.08,0.47,0.75,153.08,2.54
"1000","26/9/2017",25.29,89.71,0.47,0.5,148.96,2.45
"1001","27/9/2017",25.6,90.17,0.47,1.25,165,2.71
"1002","28/9/2017",26.34,88.75,0.53,0.5,205.92,3.29
"1003","29/9/2017",25.25,91.83,0.4,6.08,127.88,2.05
"1004","30/9/2017",25.72,91,0.6,2,160.92,2.59
"1005","1/10/2017",24.84,92,0.6,1.5,131.71,2.27
"1006","2/10/2017",24.37,92.58,0.6,1.75,119,1.84
"1007","3/10/2017",24.72,93.08,0.27,4.26,111.04,1.73
"1008","4/10/2017",23.8,95.5,0.53,246.88,57.79,0.91
"1009","5/10/2017",22.48,96.46,0.93,110.51,28.5,0.42
"1010","6/10/2017",23.19,94,0.73,40.87,106.75,1.87
"1011","7/10/2017",25.95,87.92,0.73,0.25,257.75,4.09
"1012","8/10/2017",26.2,88.92,0.67,0,170,2.82
"1013","9/10/2017",26.64,87.38,0.47,1.01,181.17,3.16
"1014","10/10/2017",25.8,88.17,0.47,1.27,191.88,3.18
"1015","11/10/2017",25.73,87.88,0.47,0.25,171.04,2.85
"1016","12/10/2017",26.64,88.21,0.47,2.03,228.04,3.66
"1017","13/10/2017",26.78,82.71,2.4,0.25,224.17,3.99
"1018","14/10/2017",27.05,83,1.73,0,181.38,3.39
"1019","15/10/2017",27.59,79.92,2.33,0,183.33,3.37
"1020","16/10/2017",28.47,76.04,4.4,0,227.63,4.47
"1021","17/10/2017",27.84,77.04,4.55,0,217.54,4.3
"1022","18/10/2017",26.19,82.25,1.53,0,149.13,2.68
"1023","19/10/2017",26.05,84.46,1.6,0,160.04,2.74
"1024","20/10/2017",27.04,83.71,1.73,0,244.21,4.19
"1025","21/10/2017",25.95,89.67,0.53,21.85,173.79,2.75
"1026","22/10/2017",25.64,90.67,0.4,10.41,156.54,2.57
"1027","23/10/2017",26.02,90.38,0.33,26.92,159.71,2.55
"1028","24/10/2017",25.55,90.83,0.6,10.67,118.67,2.02
"1029","25/10/2017",24.33,92.63,2.27,5.83,89.54,1.46
"1030","26/10/2017",23.13,93.13,0.8,23.59,74.38,1.16
"1031","27/10/2017",23,94.42,0.2,21.05,48.54,0.75
"1032","28/10/2017",25.22,87.33,0.8,0,186.33,3.18
"1033","29/10/2017",25.62,88.5,0.47,0.76,210.33,3.29
"1034","30/10/2017",26.18,82.38,1.53,1.01,238.88,3.99
"1035","31/10/2017",26.11,85.88,0.53,0.25,172.17,3.01
"1036","1/11/2017",26.53,81.79,1.6,0,186.71,3.35
"1037","2/11/2017",26.32,82.29,2.6,0.25,136.75,2.58
"1038","3/11/2017",26.02,88.21,0.93,3.04,105.38,2.03
"1039","4/11/2017",25.15,89.58,0.6,6.85,124.71,2.04
"1040","5/11/2017",26.11,83,0.73,0.25,244.92,4.04
"1041","6/11/2017",26.33,83.42,1.67,0.25,218.71,3.72
"1042","7/11/2017",26.36,81.25,3.27,0.25,187.79,3.45
"1043","8/11/2017",27.13,74.42,4.28,0,248.67,4.82
"1044","9/11/2017",25.71,80.13,0.87,0,214.88,3.65
"1045","10/11/2017",25.77,80.58,0.53,0,216.92,3.67
"1046","11/11/2017",26.41,81.54,1.2,0,233.79,3.87
"1047","12/11/2017",25.39,89.75,0.73,0.25,128.71,2.1
"1048","13/11/2017",26.54,87.13,0.47,0.76,157.04,2.51
"1049","14/11/2017",25.73,89.42,0.27,1.01,114.75,1.83
"1050","15/11/2017",23.84,93.46,0.07,28.7,47.83,0.67
"1051","16/11/2017",25.55,87.38,0.33,0.25,220.5,3.58
"1052","17/11/2017",25.98,78.21,1.6,0,235.04,4.12
"1053","18/11/2017",24.78,78.29,0.93,0,243.25,4.09
"1054","19/11/2017",24.93,79,1.07,0,239.67,3.99
"1055","20/11/2017",25.76,79.08,1.4,0,217.88,3.75
"1056","21/11/2017",25.78,83.46,0.2,1.01,154.79,2.68
"1057","22/11/2017",25.48,88.38,0,0.25,138.13,2.29
"1058","23/11/2017",25.87,82.5,1.53,0.25,156.75,2.84
"1059","24/11/2017",25.94,75.54,3.74,0,231.46,4.43
"1060","25/11/2017",26.42,73.21,3.6,0,154.58,3.23
"1061","26/11/2017",26.58,78.08,2.67,0,193.17,3.47
"1062","27/11/2017",26.52,74.79,3.74,0,228.92,4.32
"1063","28/11/2017",25.51,78.33,2.13,0,187.5,3.55
"1064","29/11/2017",26.33,78.33,4.89,0,164.75,3.38
"1065","30/11/2017",27.07,73.33,6.71,0,222.17,4.54
"1066","1/12/2017",26.14,75.38,5.23,0,230.33,4.56
"1067","2/12/2017",26.9,72.83,6.15,0,181.54,3.81
"1068","3/12/2017",27.03,69.88,6.77,0,226.54,4.76
"1069","4/12/2017",27.29,71.75,6.83,0,229.79,4.78
"1070","5/12/2017",27,76.17,7.04,0.5,214.96,4.27
"1071","6/12/2017",26.48,81.04,2.33,0,197.67,3.61
"1072","7/12/2017",25.9,83.92,0.87,41.4,179.25,3.06
"1073","8/12/2017",25.57,88.33,0.4,0.76,154.42,2.6
"1074","9/12/2017",26.19,84.88,0.67,0,147.96,2.62
"1075","10/12/2017",25.99,66.88,3.54,0,211.25,4.3
"1076","11/12/2017",23.77,75.17,0.8,0,111.21,2.33
"1077","12/12/2017",24.25,74.29,1.33,0,198.17,3.52
"1078","13/12/2017",24.58,69.13,8.86,0,203.42,4.33
"1079","14/12/2017",24.69,73.54,4.89,0,216.33,4.28
"1080","15/12/2017",25.85,73.13,5.07,0,219.96,4.21
"1081","16/12/2017",27.3,70.92,6.71,0,222.5,4.67
"1082","17/12/2017",27.67,68.92,7.63,0,193.21,4.15
"1083","18/12/2017",27.31,71.58,5.15,0.25,231.83,4.7
"1084","19/12/2017",27.11,70,4.69,0,234.75,4.84
"1085","20/12/2017",26.9,75.13,5.48,0,208.67,4.12
"1086","21/12/2017",27.07,70.75,9.33,0,230.54,5.05
"1087","22/12/2017",26.28,72.5,4.96,0,221.63,4.31
"1088","23/12/2017",27.56,68.63,8.78,0,225.67,4.91
"1089","24/12/2017",26.91,70.88,6.94,0,172.04,3.88
"1090","25/12/2017",27.35,67.92,8.86,0,228.88,4.99
"1091","26/12/2017",26.55,70.21,7.76,0,214.08,4.59
"1092","27/12/2017",26.49,70.08,9.13,0,233.13,4.83
"1093","28/12/2017",26.08,74.29,7.36,5.34,166.29,3.63
"1094","29/12/2017",25.61,79.13,3.95,2.03,198.79,3.8
"1095","30/12/2017",26.25,74.54,5.76,0,157.04,3.48
"1096","31/12/2017",25.97,74.04,6.36,0,116,2.84
"1097","1/1/2018",26.9,69.58,7.78,0,216.79,4.5
"1098","2/1/2018",26.77,69.88,6.31,0,234.79,4.78
"1099","3/1/2018",26.45,72.33,1.53,0,174.79,3.52
"1100","4/1/2018",26.39,62.08,7.45,0,232.67,5.39
"1101","5/1/2018",25.58,66.58,5.43,0,227.38,4.83
"1102","6/1/2018",25.15,70.17,1.87,0,220.17,4.22
"1103","7/1/2018",25.55,66.33,3.49,0,240.92,4.84
"1104","8/1/2018",25.46,75.88,1.87,0.5,237.54,4.34
"1105","9/1/2018",25.65,75.58,3.41,0,226.67,4.15
"1109","13/1/2018",26.88,63.63,6.77,0,226,5.05
"1110","14/1/2018",26.99,56.71,6.08,0,229.71,5.07
"1111","15/1/2018",26.11,62.63,6.03,0,241.42,5.1
"1112","16/1/2018",24.91,76.75,5.03,0.76,201.5,3.99
"1113","17/1/2018",26.29,73.08,7.37,0,231.13,4.71
"1114","18/1/2018",26.85,66.5,9.6,0,239.96,5.29
"1115","19/1/2018",26.31,71.96,9.73,0,226.17,4.86
"1116","20/1/2018",27.04,71.75,10,0,242.92,4.91
"1117","21/1/2018",27.8,69.67,9.4,0,241,5.24
"1118","22/1/2018",27.59,66.5,6.84,0,245.58,5.33
"1119","23/1/2018",27.03,69.08,8.11,0,223.63,4.98
"1120","24/1/2018",27.5,67.75,10.28,0,210.75,5.09
"1121","25/1/2018",27.23,68.5,12.37,1.77,215.79,5.19
"1122","26/1/2018",27.36,67.21,13.1,0,249.54,5.89
"1123","27/1/2018",27.8,66.79,9.53,0,237.79,5.19
"1124","28/1/2018",27.91,64.54,9.67,0,251.63,5.75
"1125","29/1/2018",27.55,68.38,11.75,0.76,253.58,5.81
"1126","30/1/2018",27.42,68.17,14.7,1.01,254.33,5.95
"1127","31/1/2018",27.71,67.33,15.03,0,253.42,6.23
"1128","1/2/2018",27.75,67.21,12.63,0.25,208.75,5.3
"1129","2/2/2018",27.74,63.88,11.28,0,257.04,6.1
"1130","3/2/2018",27.07,61.96,11.55,0,255.42,5.89
"1131","4/2/2018",27.19,60.88,9.2,0,260.08,5.95
"1132","5/2/2018",27.52,57.46,8.72,0,263.63,6.15
"1133","6/2/2018",26.97,64.04,11.37,0,261.33,6.06
"1134","7/2/2018",27.86,62.46,8.1,0,259.75,5.77
"1135","8/2/2018",27.14,65.13,11.7,0.51,262.42,6.05
"1136","9/2/2018",27.58,64.04,7.63,0,264.29,5.59
"1137","10/2/2018",27.74,64.29,9.26,0,251.83,5.69
"1138","11/2/2018",28.36,61.38,9.12,0,263.5,6.06
"1139","12/2/2018",27.23,65.79,7.65,2.03,263.42,5.81
"1140","13/2/2018",27.26,64.46,10.6,0,260.42,5.76
"1141","14/2/2018",27.03,63.04,14.23,0,268.21,6.49
"1142","15/2/2018",26.49,68.5,12.9,0,268.17,5.95
"1143","16/2/2018",26.64,65.92,13.3,0,263.25,6.12
"1144","17/2/2018",27.25,62.75,11.14,0,268.13,6.16
"1145","18/2/2018",27.15,62.88,12.3,0,268.63,6.32
"1148","21/2/2018",27.77,63.17,7.58,0,274.13,5.81
"1149","22/2/2018",27.73,62.75,10.01,0,275.25,6.05
"1150","23/2/2018",27.9,59.33,9.87,0,279.96,6.48
"1151","24/2/2018",27.51,62.58,7.77,0,272.83,5.82
"1152","25/2/2018",26.84,64.29,6.78,0,276.58,5.88
"1153","26/2/2018",27.65,60.08,8.52,0,277.88,6.2
"1154","27/2/2018",27.04,60,9.26,0,282.21,6.66
"1155","28/2/2018",27.25,59.75,8.98,0,285.04,6.64
"1156","1/3/2018",27.84,53.88,6.15,0,288,6.36
"1157","2/3/2018",27.69,59.33,7.82,0,290.71,6.34
"1158","3/3/2018",27.62,56.08,11.29,0,288.13,6.86
"1159","4/3/2018",27.62,58.13,10.4,0,286.33,6.54
"1160","5/3/2018",27.55,56.38,9.53,0,290.04,6.71
"1161","6/3/2018",26.83,60.25,6.77,0,291.13,6.19
"1162","7/3/2018",26.86,60.38,7.33,0,289.29,6.22
"1163","8/3/2018",27.62,61.71,10.21,0,282.67,6.41
"1172","17/3/2018",28.37,60.88,8.85,0,278.21,6.27
"1173","18/3/2018",28.93,59.13,8.05,0,296,6.49
"1174","19/3/2018",29.04,58.25,4.13,0,296.63,6.19
"1175","20/3/2018",27.95,64.63,3.33,0,273.17,5.49
"1176","21/3/2018",28.99,56.63,9.26,0,287.54,6.75
"1177","22/3/2018",28.16,57.17,13.97,0,293.33,7.43
"1178","23/3/2018",28.54,58.79,12.1,0,289.92,6.94
"1179","24/3/2018",28.33,61.17,10.83,0,283.96,6.67
"1180","25/3/2018",28.7,59.92,10.69,0,284.17,6.62
"1181","26/3/2018",28.81,58.71,11.83,0,287.83,6.94
"1182","27/3/2018",28.49,59.63,11.89,0,287.25,6.91
"1183","28/3/2018",29.24,54.04,9.33,0,287.08,6.95
"1184","29/3/2018",29.28,56.96,6.89,0,275.54,6.14
"1185","30/3/2018",28.08,63.71,7.18,0,282.46,6.21
"1186","31/3/2018",28.36,53.67,9.53,0,289.21,6.95
"1187","1/4/2018",28.78,48.83,6.97,0,291.71,6.8
"1188","2/4/2018",27.96,53.96,4.34,0,292.75,6.31
"1189","3/4/2018",27.13,60.13,2.53,0,296.92,5.92
"1190","4/4/2018",27.06,62.17,0.8,0,250.25,4.66
"1191","5/4/2018",26.96,63.5,2.6,0,280.5,5.57
"1192","6/4/2018",28.39,58.5,7.9,0,285.56,4.54
"1194","8/4/2018",27.84,58.06,5.23,0,283.67,0.74
"1195","9/4/2018",28.22,68.5,3.8,0.25,277.54,5.39
"1196","10/4/2018",28.25,67.88,3.67,0,295,5.82
"1202","16/4/2018",29.36,65.54,10.27,0,303.25,6.94
"1203","17/4/2018",28.71,65.63,8.79,0,302.71,6.57
"1204","18/4/2018",29.02,65.83,8.31,0,303.75,6.65
"1205","19/4/2018",28.67,65.75,8,0,297.38,6.42
"1206","20/4/2018",29.1,65.54,9.86,0,299.17,6.62
"1207","21/4/2018",28.68,65.25,6.38,0,291.58,6.14
"1208","22/4/2018",28.91,65.17,6.31,0,301,6.19
"1209","23/4/2018",29.45,65.21,6.03,0,300.54,6.41
"1210","24/4/2018",28.96,65.21,6.16,0,250.88,5.33
"1211","25/4/2018",29.69,65.21,5.83,0,281.25,5.95
"1212","26/4/2018",28.25,65.29,1.88,0,225.46,4.4
"1213","27/4/2018",28.4,65.29,1.67,0,262.79,4.82
"1214","28/4/2018",29.36,65.38,2.2,0,287.75,5.51
"1215","29/4/2018",29.13,65.42,5.28,0,290.17,5.87
"1220","4/5/2018",28.78,66.46,3.61,0,287.58,5.92
"1221","5/5/2018",28.17,66.21,0.53,0,214.79,4.14
"1222","6/5/2018",28.4,66.63,0.67,0,258.08,4.52
"1223","7/5/2018",28.11,66.54,1.27,20.32,258.38,4.61
"1226","10/5/2018",27.15,66.08,0.4,0,231.58,3.88
"1227","11/5/2018",27.2,65.92,0.67,0,210.5,3.65
"1228","12/5/2018",27.68,66.17,2.75,0.25,245.17,4.67
"1229","13/5/2018",28.11,66.54,2.33,0,264.17,5.04
"1230","14/5/2018",27.91,67.13,1.07,0,253.58,4.44
"1231","15/5/2018",26.38,67.58,0.27,0,149.42,2.49
"1232","16/5/2018",26.5,67.88,0.53,23.11,207.71,3.47
"1233","17/5/2018",25.28,68.21,0.4,11.93,155.42,2.48
"1234","18/5/2018",26.5,68.38,0.87,0.5,232.67,3.81
"1235","19/5/2018",26.7,68.5,0.73,0,155.79,2.55
"1236","20/5/2018",26.31,68.79,0.4,8.89,173.38,2.85
"1237","21/5/2018",25.28,69.13,0.4,21.07,175.5,2.77
"1238","22/5/2018",24.56,69.25,0.53,45.45,116.21,1.96
"1239","23/5/2018",26.28,69.17,0.6,100.07,236.38,3.68
"1240","24/5/2018",26.17,69.04,0.47,0.25,192.54,3.14
"1241","25/5/2018",26.28,68.71,0.33,38.6,223.71,3.65
"1242","26/5/2018",24.66,68.38,0.27,20.07,75.33,1.22
"1243","27/5/2018",24.35,67.79,0.53,18.01,110.54,1.78
"1244","28/5/2018",25.78,67.13,0.2,15.99,167.79,2.82
"1245","29/5/2018",27.05,67.13,0.6,5.84,262.67,4.27
"1246","30/5/2018",26.53,66.67,0.53,26.66,238.88,3.91
"1247","31/5/2018",27.35,66.54,1.33,0.25,205.63,3.8
"1248","1/6/2018",27.92,66.67,4.14,0,249.17,4.76
"1249","2/6/2018",25.75,66.71,1.2,20.83,176.67,3.24
"1250","3/6/2018",27.35,66.96,2.33,0.5,296.71,5.22
"1251","4/6/2018",27.3,67.08,3,0,159.21,3.05
"1252","5/6/2018",26.68,67.21,1.47,0.51,156.71,2.85
"1253","6/6/2018",26.69,66.79,2.68,0.25,194.42,3.52
"1254","7/6/2018",25.54,66.13,0.73,3.81,124.46,2.14
"1255","8/6/2018",28.95,65.33,6.69,0,280.71,5.64
"1256","9/6/2018",28.24,64.83,5.49,0,280.29,5.46
"1257","10/6/2018",26.18,64.46,2.4,41.91,116.63,2.31
"1258","11/6/2018",26.16,64.08,0.53,21.33,220.96,3.66
"1259","12/6/2018",26.15,63.71,0.53,1.27,183.21,3.04
"1260","13/6/2018",26.56,63.38,0.67,13.71,227.5,3.73
"1261","14/6/2018",26.42,62.75,0.73,4.82,209.54,3.47
"1262","15/6/2018",25.35,62.5,0.67,14.47,160.75,2.61
"1263","16/6/2018",25.72,62.46,0.27,0.25,149.63,2.49
"1264","17/6/2018",27.08,62.38,0.73,0.25,199.04,3.4
"1265","18/6/2018",27.86,62.54,3.28,0,259.88,4.74
"1266","19/6/2018",24.6,62.29,0.27,17.28,48.75,0.8
"1267","20/6/2018",25.53,62,1,25.9,250.92,4.06
"1268","21/6/2018",25.89,62.21,0.8,19.31,267.21,4.39
"1269","22/6/2018",27,62.54,0.53,0.25,214.04,3.64
"1270","23/6/2018",26.66,62.54,1.67,40.89,203.21,3.53
"1271","24/6/2018",26.61,62.83,2.33,6.09,203.17,3.7
"1272","25/6/2018",27.96,62.29,4.47,0,262.71,4.92
"1273","26/6/2018",25.66,61.88,0.67,7.11,157.67,2.71
"1274","27/6/2018",25.98,61.42,2.81,0.25,218.58,4.05
"1275","28/6/2018",25.8,61.13,3.75,0,129.88,2.59
"1276","29/6/2018",26.21,60.88,2.53,0,204.21,3.79
"1277","30/6/2018",27.44,60.58,4.61,0.25,268.38,5.08
"1278","1/7/2018",26.55,60.63,3.75,0,238.08,4.33
"1279","2/7/2018",25.68,60.75,2.87,1.77,130.21,2.49
"1280","3/7/2018",26.64,61.21,5.27,0,203.96,3.99
"1281","4/7/2018",25.66,61.38,0.8,0,187.96,3.29
"1282","5/7/2018",27.11,61.63,4.47,0.5,155.88,3.18
"1283","6/7/2018",26.59,61.79,3,0,148.25,2.89
"1284","7/7/2018",28.04,61.92,8.05,0.25,225.54,4.73
"1285","8/7/2018",28.74,62.38,9.81,0,285.67,5.98
"1286","9/7/2018",28.55,62.75,5.74,0,237.29,4.88
"1287","10/7/2018",28.6,63.25,7.9,0,220.21,4.76
"1288","11/7/2018",25.86,63.96,1.13,0,145.46,2.81
"1289","12/7/2018",28.11,64.92,2.93,0,229.5,4.41
"1290","13/7/2018",28.29,65.67,7.01,0,200.5,4.37
"1291","14/7/2018",27.59,66.88,6.97,1.02,150.29,3.52
"1292","15/7/2018",26.25,67.58,4.22,8.37,185.08,3.47
"1293","16/7/2018",27.14,68.04,4.73,4.82,156.67,3.18
"1294","17/7/2018",27.68,68.46,7.3,0,243.29,5.03
"1295","18/7/2018",27.92,68.46,5.81,0,198.63,4.21
"1296","19/7/2018",28.32,69,7.03,0,212.83,4.6
"1297","20/7/2018",27.52,69.92,7.01,0,129.75,3.12
"1298","21/7/2018",27.04,70.58,3.34,0,185.67,3.67
"1299","22/7/2018",26.83,71.17,3.07,0.25,122.42,2.66
"1300","23/7/2018",27.73,71.5,3.94,0,195.96,3.9
"1301","24/7/2018",28.62,71.21,4.54,0,253.79,4.86
"1302","25/7/2018",27.95,71.29,6.23,2.03,253.08,5.15
"1303","26/7/2018",26.13,71.54,1.87,0,109.13,2.13
"1304","27/7/2018",26.75,72,2.67,1.02,210.33,4.01
"1305","28/7/2018",25.75,71.96,1.67,3.3,157.5,2.8
"1306","29/7/2018",27.06,72.08,1.47,0,277.21,4.63
"1307","30/7/2018",26.43,72,2.6,0.25,181,3.35
"1308","31/7/2018",26.7,72.21,2.2,2.8,268.42,4.69
"1309","1/8/2018",25.96,72.5,0.6,0.25,178.33,3.07
"1310","2/8/2018",25.59,72.38,1.53,0.75,151.25,2.65
"1311","3/8/2018",26.09,72.42,1.13,0.75,163.04,2.93
"1312","4/8/2018",25.96,72.17,0.67,0.5,167,2.91
"1313","5/8/2018",27.95,71.67,6.16,0,256.04,5.03
"1314","6/8/2018",28.12,71.08,4.07,0,268.38,5.04
"1315","7/8/2018",27.49,70.71,4.33,8.63,164.79,3.34
"1316","8/8/2018",28.31,70.46,4.6,0,228.71,4.39
"1317","9/8/2018",28.49,70.92,4.53,1.27,197.33,3.98
"1318","10/8/2018",28.08,71.33,5.6,1.52,230.75,4.5
"1319","11/8/2018",28.78,71.58,7.16,0,258.83,5.4
"1320","12/8/2018",28.63,71.58,4.34,0,267.58,5.15
"1321","13/8/2018",26.55,71.83,3.62,0.25,219.58,4.19
"1322","14/8/2018",26.28,71.92,2.2,0,237.38,4.26
"1323","15/8/2018",26.92,72,2.47,0,288.42,5.24
"1324","16/8/2018",26.15,72.08,0.73,8.89,220,3.72
"1325","17/8/2018",27.84,72.21,2.53,0,222.38,4.13
"1326","18/8/2018",29.13,72.88,5.48,0,295.21,6
"1327","19/8/2018",28.02,73.21,3.47,0,285.63,5.44
"1328","20/8/2018",27.39,73.46,4.6,0,205.75,4.06
"1329","21/8/2018",27.81,73.38,3.6,1.26,145.92,3.24
"1330","22/8/2018",29.51,73.13,6.48,0,270.38,5.48
"1331","23/8/2018",26.81,72.96,5.23,0.5,179.08,3.84
"1332","24/8/2018",26.35,73,3.74,0,262.67,4.86
"1333","25/8/2018",27.37,72.83,2.33,0,224.29,4.28
"1334","26/8/2018",26.2,72.46,2.47,0,125.71,2.44
"1335","27/8/2018",26.47,72.29,2.27,0,166.88,3.17
"1336","28/8/2018",26.6,72.08,2.47,0,194.5,3.76
"1337","29/8/2018",27.76,71.71,4.34,0,272.71,5.15
"1338","30/8/2018",27.16,71.17,4.61,0,186.21,3.88
"1339","31/8/2018",25.7,70.5,1,0,162.96,2.95
"1340","1/9/2018",26.37,69.75,0.53,0.25,163.33,2.9
"1341","2/9/2018",26.55,68.75,1.93,0.25,187.88,3.53
"1342","3/9/2018",26.5,67.58,1.53,0,214.63,3.83
"1343","4/9/2018",27.88,66.21,3.6,0,263.54,5.1
"1344","5/9/2018",25.88,65.13,0.67,0,124.83,2.2
"1345","6/9/2018",25.75,65.13,0.8,31.75,211,3.72
"1346","7/9/2018",24.8,63.75,0.33,5.32,160.08,2.6
"1347","8/9/2018",24.68,62.63,0.6,21.58,111.75,1.9
"1348","9/9/2018",26.03,61.71,0.67,2.28,221.38,3.59
"1349","10/9/2018",26.15,60.75,0.73,32.25,244.33,3.94
"1350","11/9/2018",25.89,60,0.53,20.58,241.58,3.87
"1351","12/9/2018",26.96,59.08,0.47,6.1,226.63,3.75
"1352","13/9/2018",26.77,58.08,0.67,0.25,259.17,4.33
"1353","14/9/2018",26.23,57.13,0.87,1.01,212.21,3.54
"1354","15/9/2018",26.38,56.58,0.53,2.8,214.21,3.49
"1355","16/9/2018",26.6,56.79,0.53,17.77,213.96,3.68
"1356","17/9/2018",27,56.88,0.73,0.25,253.21,4.15
"1357","18/9/2018",27.4,56.75,1.4,6.09,283.29,4.86
"1358","19/9/2018",27.1,56.67,1.67,0,173.63,3.19
"1359","20/9/2018",25.69,56.83,0.53,0.51,94.21,1.55
"1360","21/9/2018",26.81,57.04,1.6,0.25,222.21,3.95
"1361","22/9/2018",26.24,57.17,0.87,3.3,179.08,3.03
"1362","23/9/2018",25.96,57.04,2.81,0,191.38,3.52
"1363","24/9/2018",26.23,57.13,2.94,0,191.38,3.66
"1364","25/9/2018",25.8,57.46,1.2,1.52,176.08,3.08
"1365","26/9/2018",26.44,57.67,2.2,0,209.58,3.89
"1366","27/9/2018",26.45,58.04,1.93,0,256,4.56
"1367","28/9/2018",25.48,58.46,0.4,6.61,156.83,2.62
"1368","29/9/2018",26.5,59.04,1.93,0.25,206.38,3.71
"1369","30/9/2018",25.7,59.42,1.27,18.29,164.13,2.78
"1370","1/10/2018",25.99,59.42,1,52.81,243.54,4.07
"1371","2/10/2018",24.47,60,0.4,25.91,128,2.12
"1372","3/10/2018",24.58,60.29,2.47,0.76,133.75,2.32
"1373","4/10/2018",23.36,60.17,3.4,12.96,58.17,0.9
"1374","5/10/2018",22.59,60.17,2,74.15,39.21,0.6
"1375","6/10/2018",25.01,59.88,1.4,0,152.46,2.53
"1376","7/10/2018",26.06,60,0.73,0,260.33,4.18
"1377","8/10/2018",25.92,60.46,0.47,0.51,154.08,2.67
"1378","9/10/2018",25.93,60.58,0.47,1.52,179.13,3.07
"1379","10/10/2018",25.95,60.46,0.6,0.25,209.08,3.35
"1380","11/10/2018",25.28,60.25,0.33,4.06,141.58,2.41
"1381","12/10/2018",24.22,60.33,0.13,52.84,71,1.13
"1382","13/10/2018",23.9,60.58,0.07,8.88,111.42,1.74
"1383","14/10/2018",23.92,60.92,0.2,15.22,88.67,1.43
"1384","15/10/2018",24.44,61.25,0.4,13.45,107.67,1.73
"1385","16/10/2018",22.98,61.54,1.2,91.44,28.71,0.5
"1386","17/10/2018",23.95,61.92,0.73,38.34,101.13,1.58
"1387","18/10/2018",24.68,62.29,0.33,10.16,160.92,2.55
"1388","19/10/2018",26.29,62.67,0.8,0,222.42,3.55
"1389","20/10/2018",26.14,62.71,2.67,0.25,219.88,3.94
"1390","21/10/2018",27.19,62.71,4.83,0,266.92,5.23
"1391","22/10/2018",26.75,62.58,3.07,0,246.38,4.6
"1392","23/10/2018",26.48,62.63,2.2,0,239.04,4.23
"1393","24/10/2018",26.35,62.67,1.8,0,255.13,4.47
"1394","25/10/2018",25.42,62.63,2.95,0,182.33,3.32
"1395","26/10/2018",25.68,62.63,0.8,0,162.54,2.82
"1396","27/10/2018",26.04,62.5,0.67,0.76,157.08,2.62
"1397","28/10/2018",25.45,62.63,2.53,6.09,81.21,1.59
"1398","29/10/2018",27.12,62.79,5.35,0,231.13,4.41
"1399","30/10/2018",27.35,63,4.15,0,248.58,4.73
"1400","31/10/2018",26.39,63.33,2.2,0,224.04,3.94
"1401","1/11/2018",25.85,63.33,0.47,0,225.21,3.58
"1402","2/11/2018",26.05,62.96,0.8,4.82,219.71,3.59
"1403","3/11/2018",26.11,62.79,1.2,0.25,229.25,3.82
"1404","4/11/2018",25.13,62.88,0.93,19.29,134.79,2.27
"1405","5/11/2018",25.8,62.83,0.93,7.11,239.04,3.82
"1406","6/11/2018",26.27,62.63,1.67,0.25,245.92,4.1
"1407","7/11/2018",26.4,62.42,2,2.29,254.79,4.42
"1408","8/11/2018",26.34,62,1.47,0.5,221.29,3.79
"1409","9/11/2018",26.5,61.54,0.93,0,236.42,3.97
"1410","10/11/2018",26.68,61.08,3.94,0,244.08,4.39
"1411","11/11/2018",27.34,60.63,7.48,0,171.5,3.8
"1412","12/11/2018",27.53,60.46,5.6,0,156.42,3.44
"1413","13/11/2018",28.2,60.21,5.14,0,241.71,4.81
"1414","14/11/2018",26.8,60.25,3.47,0,216.58,4.03
"1415","15/11/2018",27.19,60.25,7.12,0.25,239.88,4.68
"1416","16/11/2018",26.63,60.21,5.22,0,145.38,3.17
"1417","17/11/2018",27.56,59.96,5.35,0,223.33,4.39
"1418","18/11/2018",28.22,59.71,8.16,0,211.83,4.51
"1419","19/11/2018",27.68,59.58,4.61,0,177,3.65
"1420","20/11/2018",27.46,59.58,5.55,0,160.17,3.44
"1421","21/11/2018",26.65,59.38,3.6,0,119.21,2.49
"1422","22/11/2018",26.84,58.92,4.74,0.25,196.17,3.83
"1423","23/11/2018",28,58.79,5.74,0,243.17,4.84
"1424","24/11/2018",26.47,58.92,2.47,0,238.33,4.33
"1425","25/11/2018",27.71,58.67,4.2,0,241.83,4.55
"1426","26/11/2018",27.02,58.42,3,0,246.29,4.64
"1427","27/11/2018",25.8,58.5,1.8,0,207.5,3.69
"1428","28/11/2018",26.2,58.58,2,0,182.17,3.34
"1429","29/11/2018",26.29,58.67,2.94,0,224.71,4.25
"1430","30/11/2018",26.28,58.96,1.73,0,235.96,4.17
"1431","1/12/2018",25.82,59.25,1.13,0,203.29,3.54
"1432","2/12/2018",25.95,59.46,1.2,0,209.79,3.59
"1433","3/12/2018",26.39,59.88,1.87,0,224.96,3.92
"1434","4/12/2018",26.4,60.17,3.61,0,509.25,2.33
"1435","5/12/2018",27.32,60.38,6.35,0,348.46,4.8
"1436","6/12/2018",26.1,60.67,4.87,0,165.29,3.38
"1437","7/12/2018",26.74,60.88,3.73,0,210.83,4.02
"1438","8/12/2018",26.81,60.88,3.33,0,238.75,4.64
"1439","9/12/2018",27,60.75,4.67,0,236,4.75
"1440","10/12/2018",27.35,60.54,8.65,0,236.88,5.02
"1441","11/12/2018",26.8,60.63,9.74,0,240.71,5.05
"1442","12/12/2018",27.59,60.83,8.45,0,238.13,5.33
"1443","13/12/2018",25.36,61.04,3,0,235.54,4.52
"1444","14/12/2018",25.95,61.17,0.53,0,183.83,3.25
"1445","15/12/2018",27.01,61.17,8,0,233.46,4.85
"1446","16/12/2018",27.94,61.46,9.87,0,234.96,5.23
"1447","17/12/2018",27.07,61.79,9.04,0,236.83,5.03
"1448","18/12/2018",25.37,61.79,3.27,0,193.04,3.84
"1449","19/12/2018",25.43,61.5,1,0,224,3.92
"1450","20/12/2018",25.4,61.42,0.33,0,190,3.2
"1451","21/12/2018",25.77,61.46,6.25,0,223.33,4.67
"1452","22/12/2018",25.9,61.42,8.92,0,218.17,4.89
"1453","23/12/2018",26.65,61.42,11.15,0,235.75,5.27
"1454","24/12/2018",27.5,61.46,9.31,0,237.67,5.45
"1455","25/12/2018",27.59,61.42,10.28,0,236.04,5.48
"1456","26/12/2018",27.6,61.5,9.88,0,234.21,5.42
"1457","27/12/2018",27.98,61.63,7.14,0,235.75,5.39
"1458","28/12/2018",26.28,61.58,5.76,0,236.67,4.9
"1459","29/12/2018",27.79,61.63,9.73,0,235.17,5.41
"1460","30/12/2018",28.15,61.88,9.13,0,237.25,5.61
"1461","31/12/2018",27.93,62,10.34,0,242.38,5.91
"1462","1/1/2019",28.25,62.13,10.68,0,238.83,5.7
"1463","2/1/2019",27.65,62.33,12.77,0,237.54,5.83
"1464","3/1/2019",27.68,62.54,10.01,0,237.67,5.48
"1465","4/1/2019",28.13,62.88,8.31,6.34,225.92,5.16
"1466","5/1/2019",28.36,63.08,11.02,0,237.58,5.68
"1467","6/1/2019",28,63.29,11.75,0,240.79,5.75
"1468","7/1/2019",27.6,63.46,6.82,0,244.17,5.33
"1469","8/1/2019",25.87,63.63,4.54,0,241.71,5.03
"1470","9/1/2019",26.61,63.63,4.68,0,245.5,5.24
"1471","10/1/2019",24.96,63.83,5.31,0,241.83,5
"1472","11/1/2019",26.58,63.75,7.5,0,247.13,5.52
"1473","12/1/2019",26.18,64.29,6.57,0,246.96,5.3
"1474","13/1/2019",26.96,64.88,9.4,0,247.58,5.58
"1475","14/1/2019",26.22,65.58,10.27,0,215.63,4.9
"1476","15/1/2019",26.73,66.33,11.37,0,211.54,5.1
"1477","16/1/2019",26.81,66.92,11.17,0,247.83,5.79
"1478","17/1/2019",27.35,67.08,11.08,0,249.79,5.99
"1479","18/1/2019",27.46,67,10.48,0,253.21,6.09
"1480","19/1/2019",27.52,66.92,6.75,0,252.04,5.29
"1481","20/1/2019",27.66,66.83,10.2,0,235.96,5.7
"1482","21/1/2019",27.89,66.88,11.63,0,249.46,6.27
"1483","22/1/2019",27.5,67.04,13.03,0,252.21,6.31
"1484","23/1/2019",27.98,67.17,10.08,0,250.38,5.95
"1485","24/1/2019",27.39,67,6.52,0,250.63,5.38
"1486","25/1/2019",28.1,66.96,10.01,0,205.33,5.18
"1487","26/1/2019",28.73,66.96,9,0,252.17,6.05
"1488","27/1/2019",26.71,67.21,1.07,0,254.58,4.63
"1489","28/1/2019",26.36,67.5,5.63,0,253.54,5.26
"1490","29/1/2019",27.25,67.58,3.53,0,250.71,4.94
"1491","30/1/2019",27.96,67.58,8.3,0,228.46,5.35
"1492","31/1/2019",27.56,67.54,9.94,0,258.33,6.16
"1493","1/2/2019",27.51,67.54,5.14,0,259.5,5.65
"1494","2/2/2019",27.12,67.58,6.1,0,258.63,5.68
"1495","3/2/2019",28.14,67.58,9.05,0,261.42,6.14
"1496","4/2/2019",28.4,67.58,9.48,0,262.42,6.37
"1497","5/2/2019",27.51,68.08,9.8,0,264.83,6.23
"1498","6/2/2019",28.31,68.17,11.36,0,266.46,6.68
"1499","7/2/2019",28.24,67.79,10.02,0,266.67,6.46
"1500","8/2/2019",27.99,67.29,11.7,0,267.38,6.68
"1501","9/2/2019",27.62,67.04,13.1,0,269.04,6.64
"1502","10/2/2019",27.6,67,11.76,0,269.58,6.49
"1503","11/2/2019",28.05,67.08,10.14,0,269.96,6.43
"1504","12/2/2019",27.08,67.25,3.88,0,252,5.18
"1505","13/2/2019",27.45,67.21,5.78,0,269.33,5.75
"1506","14/2/2019",28.67,67.21,8.12,0,268.63,6.39
"1507","15/2/2019",27.16,67.13,3.28,0,270.58,5.36
"1508","16/2/2019",27.16,66.96,1.2,0,255.42,4.74
"1509","17/2/2019",28.09,66.92,1,0,245.5,4.51
"1510","18/2/2019",28.65,66.96,5.48,0,261.96,5.58
"1511","19/2/2019",29.08,67,7.9,0,270.71,6.16
"1512","20/2/2019",27.2,67.04,2.13,0,273.67,5.43
"1513","21/2/2019",27.83,67.08,2.73,0,271.21,5.39
"1514","22/2/2019",28.86,67.13,6.01,0,269.71,5.87
"1515","23/2/2019",28.75,67.21,7.12,0,272.46,6.06
"1516","24/2/2019",28.78,67.17,10.61,0,270.54,6.33
"1517","25/2/2019",27.66,67,10.8,0,267.33,5.93
"1518","26/2/2019",27.7,66.92,11.95,0,268.92,6.45
"1519","27/2/2019",28.02,66.75,9.34,0,267.21,6.06
"1520","28/2/2019",28.55,66.75,9.38,0,265.08,6.18
"1521","1/3/2019",29.32,66.54,6.14,0,267.75,5.7
"1522","2/3/2019",27.6,66.21,3.93,0,237,5.18
"1523","3/3/2019",28.46,65.71,7.5,0,213.04,5.14
"1524","4/3/2019",27.88,65.58,4.27,0,248.71,5.41
"1525","5/3/2019",29.06,65.54,10.41,0,269.29,6.63
"1526","6/3/2019",27.77,65.46,11.55,0,275.75,6.28
"1527","7/3/2019",28,65.13,13.43,0,278.5,6.72
"1528","8/3/2019",28.27,65,13.1,0,285.42,7.15
"1529","9/3/2019",28.74,64.75,11.3,0,285.21,6.99
"1530","10/3/2019",28.9,64.67,10.82,0,283.33,6.88
"1531","11/3/2019",29.25,64.5,11.29,0,279.08,6.76
"1532","12/3/2019",28.76,64.33,12.63,0,285.67,7.11
"1533","13/3/2019",28.98,64.17,9.95,0,284.21,6.83
"1534","14/3/2019",28.53,63.92,5.63,0,284.33,6.32
"1535","15/3/2019",28.02,63.79,5.91,0,273.13,6.01
"1536","16/3/2019",28.3,63.54,9.47,0,273.17,6.38
"1537","17/3/2019",28.8,63.33,11.55,0,286.21,7.06
"1538","18/3/2019",29.07,62.67,9.33,0,265.33,6.61
"1539","19/3/2019",28.62,62.04,4.68,0,285.42,6.23
"1540","20/3/2019",27.88,61.63,6.24,0,285.21,6.32
"1541","21/3/2019",29.24,61.33,10.61,0,284.75,6.97
"1542","22/3/2019",28.44,61.33,11.63,0,290.13,7.27
"1543","23/3/2019",28.59,61.21,10.41,0,292.21,7.11
"1544","24/3/2019",28.97,61.08,8.98,0,291.04,6.96
"1545","25/3/2019",28.97,61.08,9.33,0,288.33,6.63
"1546","26/3/2019",29.26,61.04,11.56,0,288.92,7.12
"1547","27/3/2019",28.85,60.88,11.48,0,290.67,7.23
"1548","28/3/2019",29.2,60.83,11.69,0,293.38,7.19
"1549","29/3/2019",29.04,60.96,6.16,0,288.58,6.36
"1550","30/3/2019",26.21,67.16,1.43,0,115.16,2.18
"1551","31/3/2019",27.44,63.38,1.9,0,198.71,3.75
